Handle,Title,Body (HTML),Vendor,Product Category,Type,Tags,Published,Option1 Name,Option1 Value,Option2 Name,Option2 Value,Variant SKU,Variant Grams,Variant Inventory Tracker,Variant Inventory Qty,Variant Inventory Policy,Variant Fulfillment Service,Variant Price,Variant Compare At Price,Variant Requires Shipping,Variant Taxable,Image Src,Image Position,Image Alt Text,Gift Card,SEO Title,SEO Description,Status
robot-bucatarie-multichef-900,Robot de Bucătărie MultiChef 900,"Robotul de bucătărie MultiChef 900 de la Kessel transformă prepararea zilnică a mâncării într-un proces simplu, cu un motor puternic de 900W și 9 accesorii incluse pentru orice rețetă. Bolul de inox de 5L, telul, cârligul de frământat și discul de tocat acoperă tot ce ai nevoie pentru aluaturi, creme sau tocaturi, iar cele 8 viteze dau control fin pe fiecare textură. Toate componentele merg direct la mașina de spălat vase, așa că îngrijirea zilnică durează câteva minute. Alege MultiChef 900 din categoria Electrocasnice de pe EstelaOferta pentru o bucătărie mai eficientă, cu livrare rapidă.",Kessel,Electrocasnice,Electrocasnice,"bestseller, flash-deal",TRUE,Culoare,Negru Onyx,,,ROBOT-BUCATARIE-MULTICHEF-900-BLA,4200,shopify,32,deny,manual,899,1299,TRUE,TRUE,https://picsum.photos/seed/robot-bucatarie-multichef-900-1/1200/1400,1,Robot de Bucătărie MultiChef 900 - imagine 1,FALSE,Robot de Bucătărie MultiChef 900,"9 accesorii, un singur motor de 900W care le face pe toate.",active
robot-bucatarie-multichef-900,,,,,,,,,Alb Crem,,,ROBOT-BUCATARIE-MULTICHEF-900-WHI,4200,shopify,32,deny,manual,899,1299,TRUE,TRUE,https://picsum.photos/seed/robot-bucatarie-multichef-900-2/1200/1400,2,Robot de Bucătărie MultiChef 900 - imagine 2,FALSE,,,
robot-bucatarie-multichef-900,,,,,,,,,,,,,,,,,,,,,,https://picsum.photos/seed/robot-bucatarie-multichef-900-3/1200/1400,3,Robot de Bucătărie MultiChef 900 - imagine 3,,,,
robot-bucatarie-multichef-900,,,,,,,,,,,,,,,,,,,,,,https://picsum.photos/seed/robot-bucatarie-multichef-900-4/1200/1400,4,Robot de Bucătărie MultiChef 900 - imagine 4,,,,
aspirator-robot-navclean-x2,Aspirator Robot NavClean X2,"Aspiratorul robot NavClean X2 de la Vantage automatizează curățenia acasă printr-o hartă precisă a fiecărei camere, generată cu tehnologie LiDAR. Evită obstacolele în timp real, aspiră și spală podeaua în aceeași trecere, apoi revine singur la stația de andocare pentru a-și goli rezervorul de praf. Cu autonomie de 150 de minute și control complet din aplicație, NavClean X2 acoperă apartamente și case cu mai multe camere fără supraveghere. Comandă acest aspirator robot din categoria Electrocasnice de pe EstelaOferta și primești livrare rapidă și garanție.",Vantage,Electrocasnice,Electrocasnice,flash-deal,TRUE,Culoare,Negru Onyx,,,ASPIRATOR-ROBOT-NAVCLEAN-X2-BLA,3600,shopify,14,deny,manual,1799,2399,TRUE,TRUE,https://picsum.photos/seed/aspirator-robot-navclean-x2-1/1200/1400,1,Aspirator Robot NavClean X2 - imagine 1,FALSE,Aspirator Robot NavClean X2,Cartografiere laser și golire automată a rezervorului.,active
aspirator-robot-navclean-x2,,,,,,,,,Alb Crem,,,ASPIRATOR-ROBOT-NAVCLEAN-X2-WHI,3600,shopify,14,deny,manual,1799,2399,TRUE,TRUE,https://picsum.photos/seed/aspirator-robot-navclean-x2-2/1200/1400,2,Aspirator Robot NavClean X2 - imagine 2,FALSE,,,
aspirator-robot-navclean-x2,,,,,,,,,,,,,,,,,,,,,,https://picsum.photos/seed/aspirator-robot-navclean-x2-3/1200/1400,3,Aspirator Robot NavClean X2 - imagine 3,,,,
aspirator-robot-navclean-x2,,,,,,,,,,,,,,,,,,,,,,https://picsum.photos/seed/aspirator-robot-navclean-x2-4/1200/1400,4,Aspirator Robot NavClean X2 - imagine 4,,,,
espressor-brewmaster-pro,Espressor Automat BrewMaster Pro,"Espressorul automat BrewMaster Pro de la Auric aduce experiența unei cafenele acasă, măcinând boabele proaspăt la fiecare preparare și controlând presiunea la 15 bar pentru un espresso consistent. Spumatorul automat de lapte pregătește cappuccino sau latte cu un singur buton, iar cele 5 programe presetate acoperă toate băuturile preferate. Rezervorul de 1.8L reduce numărul de realimentări în timpul zilei. Găsești BrewMaster Pro în categoria Electrocasnice de pe EstelaOferta, cu livrare rapidă.",Auric,Electrocasnice,Electrocasnice,new,TRUE,Culoare,Negru Onyx,,,ESPRESSOR-BREWMASTER-PRO-BLA,8900,shopify,11,deny,manual,2199,,TRUE,TRUE,https://picsum.photos/seed/espressor-brewmaster-pro-1/1200/1400,1,Espressor Automat BrewMaster Pro - imagine 1,FALSE,Espressor Automat BrewMaster Pro,"Boabe proaspăt măcinate, espresso de nivel de cafenea acasă.",active
espressor-brewmaster-pro,,,,,,,,,Gri Piatră,,,ESPRESSOR-BREWMASTER-PRO-STO,8900,shopify,11,deny,manual,2199,,TRUE,TRUE,https://picsum.photos/seed/espressor-brewmaster-pro-2/1200/1400,2,Espressor Automat BrewMaster Pro - imagine 2,FALSE,,,
espressor-brewmaster-pro,,,,,,,,,,,,,,,,,,,,,,https://picsum.photos/seed/espressor-brewmaster-pro-3/1200/1400,3,Espressor Automat BrewMaster Pro - imagine 3,,,,
espressor-brewmaster-pro,,,,,,,,,,,,,,,,,,,,,,https://picsum.photos/seed/espressor-brewmaster-pro-4/1200/1400,4,Espressor Automat BrewMaster Pro - imagine 4,,,,
friteuza-aircrisp-5l,Friteuză cu Aer Cald AirCrisp 5L,"Friteuza cu aer cald AirCrisp 5L de la Norr obține rezultate crocante cu până la 90% mai puțin ulei, datorită circulației rapide de aer cald din interior. Capacitatea de 5 litri este suficientă pentru mese pentru 4-6 persoane, iar cele 8 programe presetate simplifică prepararea cartofilor prăjiți, puiului sau legumelor. Coșul antiaderent detașabil se spală ușor, iar oprirea automată previne gătirea excesivă. AirCrisp 5L este disponibilă în categoria Electrocasnice de pe EstelaOferta, cu livrare rapidă.",Norr,Electrocasnice,Electrocasnice,"bestseller, flash-deal",TRUE,Culoare,Negru Onyx,,,FRITEUZA-AIRCRISP-5L-BLA,5100,shopify,55,deny,manual,549,699,TRUE,TRUE,https://picsum.photos/seed/friteuza-aircrisp-5l-1/1200/1400,1,Friteuză cu Aer Cald AirCrisp 5L - imagine 1,FALSE,Friteuză cu Aer Cald AirCrisp 5L,"Crocant fără ulei, capacitate pentru toată familia.",active
friteuza-aircrisp-5l,,,,,,,,,Alb Crem,,,FRITEUZA-AIRCRISP-5L-WHI,5100,shopify,55,deny,manual,549,699,TRUE,TRUE,https://picsum.photos/seed/friteuza-aircrisp-5l-2/1200/1400,2,Friteuză cu Aer Cald AirCrisp 5L - imagine 2,FALSE,,,
friteuza-aircrisp-5l,,,,,,,,,,,,,,,,,,,,,,https://picsum.photos/seed/friteuza-aircrisp-5l-3/1200/1400,3,Friteuză cu Aer Cald AirCrisp 5L - imagine 3,,,,
friteuza-aircrisp-5l,,,,,,,,,,,,,,,,,,,,,,https://picsum.photos/seed/friteuza-aircrisp-5l-4/1200/1400,4,Friteuză cu Aer Cald AirCrisp 5L - imagine 4,,,,
prajitor-retro-toast,Prăjitor de Pâine Retro Toast,"Prăjitorul de pâine Retro Toast de la Loam îmbină un design retro cu carcasă metalică cu funcționalitate modernă: fantă extra-lată pentru felii groase și 6 nivele de rumenire reglabile. Funcțiile dedicate pentru dezghețare și reîncălzire îl fac practic pentru orice dimineață, indiferent de tipul de pâine folosit. Este un accesoriu de bucătărie potrivit atât pentru bucătării moderne, cât și pentru cele cu decor clasic. Descoperă Prăjitorul de Pâine Retro Toast și restul gamei Electrocasnice pe EstelaOferta.",Loam,Electrocasnice,Electrocasnice,,TRUE,Culoare,Coniac,,,PRAJITOR-RETRO-TOAST-COG,,shopify,28,deny,manual,279,,TRUE,TRUE,https://picsum.photos/seed/prajitor-retro-toast-1/1200/1400,1,Prăjitor de Pâine Retro Toast - imagine 1,FALSE,Prăjitor de Pâine Retro Toast,"Design retro, 6 nivele de rumenire și fantă extra-lată.",active
prajitor-retro-toast,,,,,,,,,Negru Onyx,,,PRAJITOR-RETRO-TOAST-BLA,,shopify,28,deny,manual,279,,TRUE,TRUE,https://picsum.photos/seed/prajitor-retro-toast-2/1200/1400,2,Prăjitor de Pâine Retro Toast - imagine 2,FALSE,,,
prajitor-retro-toast,,,,,,,,,Alb Crem,,,PRAJITOR-RETRO-TOAST-WHI,,shopify,28,deny,manual,279,,TRUE,TRUE,https://picsum.photos/seed/prajitor-retro-toast-3/1200/1400,3,Prăjitor de Pâine Retro Toast - imagine 3,FALSE,,,
prajitor-retro-toast,,,,,,,,,,,,,,,,,,,,,,https://picsum.photos/seed/prajitor-retro-toast-4/1200/1400,4,Prăjitor de Pâine Retro Toast - imagine 4,,,,
mixer-powerblend-700,Mixer de Mână PowerBlend 700,"Mixerul de mână PowerBlend 700 de la Halcyon oferă 700W de putere într-un corp ergonomic ușor, ideal pentru bătut albușuri, frișcă sau aluaturi în bucătăria de zi cu zi. Cele 5 viteze plus funcția pulse dau control precis asupra texturii, iar telele și cârligele din inox se detașează rapid pentru spălare. Este o soluție compactă pentru cei care gătesc și coc frecvent, dar nu au loc pentru un robot mare. PowerBlend 700 este disponibil în categoria Electrocasnice de pe EstelaOferta, cu livrare rapidă.",Halcyon,Electrocasnice,Electrocasnice,flash-deal,TRUE,Culoare,Negru Onyx,,,MIXER-POWERBLEND-700-BLA,,shopify,50,deny,manual,199,249,TRUE,TRUE,https://picsum.photos/seed/mixer-powerblend-700-1/1200/1400,1,Mixer de Mână PowerBlend 700 - imagine 1,FALSE,Mixer de Mână PowerBlend 700,"700W într-un corp ușor, cu 5 viteze și pulse.",active
mixer-powerblend-700,,,,,,,,,Alb Crem,,,MIXER-POWERBLEND-700-WHI,,shopify,50,deny,manual,199,249,TRUE,TRUE,https://picsum.photos/seed/mixer-powerblend-700-2/1200/1400,2,Mixer de Mână PowerBlend 700 - imagine 2,FALSE,,,
mixer-powerblend-700,,,,,,,,,Nisipiu,,,MIXER-POWERBLEND-700-SAN,,shopify,50,deny,manual,199,249,TRUE,TRUE,https://picsum.photos/seed/mixer-powerblend-700-3/1200/1400,3,Mixer de Mână PowerBlend 700 - imagine 3,FALSE,,,
mixer-powerblend-700,,,,,,,,,,,,,,,,,,,,,,https://picsum.photos/seed/mixer-powerblend-700-4/1200/1400,4,Mixer de Mână PowerBlend 700 - imagine 4,,,,
statie-calcat-steampress-pro,Stație de Călcat cu Abur SteamPress Pro,"Stația de călcat cu abur SteamPress Pro de la Kessel livrează un jet de abur continuu de 120g/min la o presiune de 6 bar, suficient pentru a netezi rapid chiar și țesăturile groase. Talpa din ceramică alunecă fără efort pe orice material, iar rezervorul detașabil de 1.2L reduce pauzele pentru realimentare cu apă. Este alegerea potrivită pentru cei care calcă des și vor rezultate de nivel profesionist acasă. Comandă SteamPress Pro din categoria Electrocasnice de pe EstelaOferta, cu livrare rapidă și garanție.",Kessel,Electrocasnice,Electrocasnice,new,TRUE,Culoare,Negru Onyx,,,STATIE-CALCAT-STEAMPRESS-PRO-BLA,3800,shopify,18,deny,manual,699,849,TRUE,TRUE,https://picsum.photos/seed/statie-calcat-steampress-pro-1/1200/1400,1,Stație de Călcat cu Abur SteamPress Pro - imagine 1,FALSE,Stație de Călcat cu Abur SteamPress Pro,Presiune de 6 bar și jet de abur continuu de 120g/min.,active
statie-calcat-steampress-pro,,,,,,,,,Alb Crem,,,STATIE-CALCAT-STEAMPRESS-PRO-WHI,3800,shopify,18,deny,manual,699,849,TRUE,TRUE,https://picsum.photos/seed/statie-calcat-steampress-pro-2/1200/1400,2,Stație de Călcat cu Abur SteamPress Pro - imagine 2,FALSE,,,
statie-calcat-steampress-pro,,,,,,,,,,,,,,,,,,,,,,https://picsum.photos/seed/statie-calcat-steampress-pro-3/1200/1400,3,Stație de Călcat cu Abur SteamPress Pro - imagine 3,,,,
statie-calcat-steampress-pro,,,,,,,,,,,,,,,,,,,,,,https://picsum.photos/seed/statie-calcat-steampress-pro-4/1200/1400,4,Stație de Călcat cu Abur SteamPress Pro - imagine 4,,,,
ceainic-clearboil,Ceainic Electric din Sticlă ClearBoil,"Ceainicul electric din sticlă ClearBoil de la Norr este realizat din sticlă borosilicată rezistentă la temperaturi mari și are o iluminare LED albastră ce se activează pe durata fierberii. Filtrul anticalcar detașabil păstrează apa curată, iar oprirea automată la punctul de fierbere elimină riscul de supraîncălzire. Capacitatea de 1.7L acoperă nevoile unei familii sau ale unui birou mic. ClearBoil face parte din categoria Electrocasnice de pe EstelaOferta.",Norr,Electrocasnice,Electrocasnice,bestseller,TRUE,Culoare,Negru Onyx,,,CEAINIC-CLEARBOIL-BLA,,shopify,66,deny,manual,179,,TRUE,TRUE,https://picsum.photos/seed/ceainic-clearboil-1/1200/1400,1,Ceainic Electric din Sticlă ClearBoil - imagine 1,FALSE,Ceainic Electric din Sticlă ClearBoil,"Sticlă borosilicată, iluminare LED și oprire automată.",active
ceainic-clearboil,,,,,,,,,Alb Crem,,,CEAINIC-CLEARBOIL-WHI,,shopify,66,deny,manual,179,,TRUE,TRUE,https://picsum.photos/seed/ceainic-clearboil-2/1200/1400,2,Ceainic Electric din Sticlă ClearBoil - imagine 2,FALSE,,,
ceainic-clearboil,,,,,,,,,,,,,,,,,,,,,,https://picsum.photos/seed/ceainic-clearboil-3/1200/1400,3,Ceainic Electric din Sticlă ClearBoil - imagine 3,,,,
ceainic-clearboil,,,,,,,,,,,,,,,,,,,,,,https://picsum.photos/seed/ceainic-clearboil-4/1200/1400,4,Ceainic Electric din Sticlă ClearBoil - imagine 4,,,,
cuptor-compactwave,Cuptor cu Microunde Grill CompactWave,"Cuptorul cu microunde și grill CompactWave de la Vantage combină o funcție de microunde de 800W cu un grill din cuarț de 1000W, într-un format compact de 20L potrivit pentru bucătării mici. Cele 8 programe automate și butonul rotativ simplifică prepararea zilnică, de la reîncălzire rapidă la gratinare. Este o soluție 2-în-1 pentru cei care vor să economisească spațiu pe blat. Găsești CompactWave în categoria Electrocasnice de pe EstelaOferta, cu livrare rapidă.",Vantage,Electrocasnice,Electrocasnice,flash-deal,TRUE,Culoare,Negru Onyx,,,CUPTOR-COMPACTWAVE-BLA,12000,shopify,29,deny,manual,449,549,TRUE,TRUE,https://picsum.photos/seed/cuptor-compactwave-1/1200/1400,1,Cuptor cu Microunde Grill CompactWave - imagine 1,FALSE,Cuptor cu Microunde Grill CompactWave,Microunde + grill într-un format compact de bucătărie.,active
cuptor-compactwave,,,,,,,,,Alb Crem,,,CUPTOR-COMPACTWAVE-WHI,12000,shopify,29,deny,manual,449,549,TRUE,TRUE,https://picsum.photos/seed/cuptor-compactwave-2/1200/1400,2,Cuptor cu Microunde Grill CompactWave - imagine 2,FALSE,,,
cuptor-compactwave,,,,,,,,,,,,,,,,,,,,,,https://picsum.photos/seed/cuptor-compactwave-3/1200/1400,3,Cuptor cu Microunde Grill CompactWave - imagine 3,,,,
cuptor-compactwave,,,,,,,,,,,,,,,,,,,,,,https://picsum.photos/seed/cuptor-compactwave-4/1200/1400,4,Cuptor cu Microunde Grill CompactWave - imagine 4,,,,
storcator-slowjuice-200,Storcător de Fructe SlowJuice 200,"Storcătorul de fructe SlowJuice 200 de la Auric presează la rece, la doar 43 RPM, păstrând mai multe vitamine și enzime decât storcătoarele centrifugale clasice. Funcționarea aproape silențioasă îl face potrivit pentru pregătirea sucurilor dimineața devreme, fără să deranjezi restul casei. Componentele lavabile la mașina de spălat vase reduc timpul de curățare de după fiecare utilizare. SlowJuice 200 este disponibil în stoc limitat în categoria Electrocasnice de pe EstelaOferta.",Auric,Electrocasnice,Electrocasnice,limited,TRUE,Culoare,Negru Onyx,,,STORCATOR-SLOWJUICE-200-BLA,,shopify,15,deny,manual,649,,TRUE,TRUE,https://picsum.photos/seed/storcator-slowjuice-200-1/1200/1400,1,Storcător de Fructe SlowJuice 200 - imagine 1,FALSE,Storcător de Fructe SlowJuice 200,"Presare lentă la rece, mai mult suc, mai puține vitamine pierdute.",active
storcator-slowjuice-200,,,,,,,,,Gri Piatră,,,STORCATOR-SLOWJUICE-200-STO,,shopify,15,deny,manual,649,,TRUE,TRUE,https://picsum.photos/seed/storcator-slowjuice-200-2/1200/1400,2,Storcător de Fructe SlowJuice 200 - imagine 2,FALSE,,,
storcator-slowjuice-200,,,,,,,,,,,,,,,,,,,,,,https://picsum.photos/seed/storcator-slowjuice-200-3/1200/1400,3,Storcător de Fructe SlowJuice 200 - imagine 3,,,,
storcator-slowjuice-200,,,,,,,,,,,,,,,,,,,,,,https://picsum.photos/seed/storcator-slowjuice-200-4/1200/1400,4,Storcător de Fructe SlowJuice 200 - imagine 4,,,,
blender-smoothblend-1200,Blender de Blat SmoothBlend 1200,"Blenderul de blat SmoothBlend 1200 de la Auric zdrobește gheață și fructe congelate în câteva secunde, datorită motorului de 1200W și lamelor din inox cu 6 fețe. Vasul din tritan de 1.8L nu reține mirosuri și rezistă la impact, iar funcția de auto-curățare scurtează timpul petrecut la spălat. Cele 3 programe presetate acoperă smoothie-uri, shake-uri și gheață pisată. SmoothBlend 1200 este disponibil în categoria Electrocasnice de pe EstelaOferta, cu livrare rapidă.",Auric,Electrocasnice,Electrocasnice,new,TRUE,Culoare,Negru Onyx,,,BLENDER-SMOOTHBLEND-1200-BLA,3100,shopify,24,deny,manual,429,599,TRUE,TRUE,https://picsum.photos/seed/blender-smoothblend-1200-1/1200/1400,1,Blender de Blat SmoothBlend 1200 - imagine 1,FALSE,Blender de Blat SmoothBlend 1200,1200W și lame din inox pentru smoothie-uri perfect fine.,active
blender-smoothblend-1200,,,,,,,,,Alb Crem,,,BLENDER-SMOOTHBLEND-1200-WHI,3100,shopify,24,deny,manual,429,599,TRUE,TRUE,https://picsum.photos/seed/blender-smoothblend-1200-2/1200/1400,2,Blender de Blat SmoothBlend 1200 - imagine 2,FALSE,,,
blender-smoothblend-1200,,,,,,,,,,,,,,,,,,,,,,https://picsum.photos/seed/blender-smoothblend-1200-3/1200/1400,3,Blender de Blat SmoothBlend 1200 - imagine 3,,,,
blender-smoothblend-1200,,,,,,,,,,,,,,,,,,,,,,https://picsum.photos/seed/blender-smoothblend-1200-4/1200/1400,4,Blender de Blat SmoothBlend 1200 - imagine 4,,,,
cuptor-countertop-xl,Cuptor Electric de Blat CompactBake XL,"Cuptorul electric de blat CompactBake XL de la Loam aduce coacere cu convecție și grill într-un format de 23L, ideal pentru bucătării mici sau ca a doua sursă de coacere. Termostatul reglabil până la 230°C și timerul cu oprire automată dau control precis asupra fiecărei preparări, iar tava și grătarul incluse acoperă majoritatea rețetelor. Este o alegere practică pentru cei care nu au spațiu pentru un cuptor încorporat. Comandă CompactBake XL din categoria Electrocasnice de pe EstelaOferta, cu livrare rapidă și garanție.",Loam,Electrocasnice,Electrocasnice,new,TRUE,Culoare,Negru Onyx,,,CUPTOR-COUNTERTOP-XL-BLA,9200,shopify,20,deny,manual,399,489,TRUE,TRUE,https://picsum.photos/seed/cuptor-countertop-xl-1/1200/1400,1,Cuptor Electric de Blat CompactBake XL - imagine 1,FALSE,Cuptor Electric de Blat CompactBake XL,"23L, convecție și grill, perfect pentru bucătării mici.",active
cuptor-countertop-xl,,,,,,,,,Gri Piatră,,,CUPTOR-COUNTERTOP-XL-STO,9200,shopify,20,deny,manual,399,489,TRUE,TRUE,https://picsum.photos/seed/cuptor-countertop-xl-2/1200/1400,2,Cuptor Electric de Blat CompactBake XL - imagine 2,FALSE,,,
cuptor-countertop-xl,,,,,,,,,,,,,,,,,,,,,,https://picsum.photos/seed/cuptor-countertop-xl-3/1200/1400,3,Cuptor Electric de Blat CompactBake XL - imagine 3,,,,
cuptor-countertop-xl,,,,,,,,,,,,,,,,,,,,,,https://picsum.photos/seed/cuptor-countertop-xl-4/1200/1400,4,Cuptor Electric de Blat CompactBake XL - imagine 4,,,,
husa-piele-magsafe-pro,Husă din Piele MagSafe Pro,"Husa din piele MagSafe Pro de la Kessel este realizată din piele naturală tăbăcită vegetal, care capătă o patină unică pe măsură ce o folosești. Magneții integrați sunt compatibili cu încărcarea rapidă wireless, iar colțurile întărite și interiorul din microfibră protejează telefonul de zgârieturi și impact. Este alegerea potrivită pentru cei care vor o husă premium, nu doar una funcțională. Husa din Piele MagSafe Pro este disponibilă în categoria Accesorii Telefon de pe EstelaOferta, cu livrare rapidă.",Kessel,Accesorii Telefon,Accesorii Telefon,"bestseller, flash-deal",TRUE,Culoare,Coniac,,,HUSA-PIELE-MAGSAFE-PRO-COG,,shopify,70,deny,manual,199,259,TRUE,TRUE,https://picsum.photos/seed/husa-piele-magsafe-pro-1/1200/1400,1,Husă din Piele MagSafe Pro - imagine 1,FALSE,Husă din Piele MagSafe Pro,"Piele naturală, compatibilă cu încărcare magnetică.",active
husa-piele-magsafe-pro,,,,,,,,,Negru Onyx,,,HUSA-PIELE-MAGSAFE-PRO-BLA,,shopify,70,deny,manual,199,259,TRUE,TRUE,https://picsum.photos/seed/husa-piele-magsafe-pro-2/1200/1400,2,Husă din Piele MagSafe Pro - imagine 2,FALSE,,,
husa-piele-magsafe-pro,,,,,,,,,Bleumarin Închis,,,HUSA-PIELE-MAGSAFE-PRO-NAV,,shopify,70,deny,manual,199,259,TRUE,TRUE,https://picsum.photos/seed/husa-piele-magsafe-pro-3/1200/1400,3,Husă din Piele MagSafe Pro - imagine 3,FALSE,,,
husa-piele-magsafe-pro,,,,,,,,,,,,,,,,,,,,,,https://picsum.photos/seed/husa-piele-magsafe-pro-4/1200/1400,4,Husă din Piele MagSafe Pro - imagine 4,,,,
folie-sticla-9h,Folie Sticlă Securizată 9H,"Folia de sticlă securizată 9H de la Norr protejează ecranul telefonului împotriva zgârieturilor și loviturilor ușoare, cu un tratament oleofob care reduce urmele de amprente. Chenarul de aplicare inclus garantează poziționare perfectă, fără bule de aer, chiar și pentru cei care o montează prima dată. Este compatibilă cu majoritatea huselor de pe piață, fără să afecteze sensibilitatea la atingere. Folia Sticlă Securizată 9H face parte din categoria Accesorii Telefon de pe EstelaOferta.",Norr,Accesorii Telefon,Accesorii Telefon,flash-deal,TRUE,Culoare,Negru Onyx,,,FOLIE-STICLA-9H-BLA,,shopify,400,deny,manual,59,89,TRUE,TRUE,https://picsum.photos/seed/folie-sticla-9h-1/1200/1400,1,Folie Sticlă Securizată 9H - imagine 1,FALSE,Folie Sticlă Securizată 9H,"Duritate 9H, kit de aplicare fără bule incluse.",active
folie-sticla-9h,,,,,,,,,,,,,,,,,,,,,,https://picsum.photos/seed/folie-sticla-9h-2/1200/1400,2,Folie Sticlă Securizată 9H - imagine 2,,,,
folie-sticla-9h,,,,,,,,,,,,,,,,,,,,,,https://picsum.photos/seed/folie-sticla-9h-3/1200/1400,3,Folie Sticlă Securizată 9H - imagine 3,,,,
folie-sticla-9h,,,,,,,,,,,,,,,,,,,,,,https://picsum.photos/seed/folie-sticla-9h-4/1200/1400,4,Folie Sticlă Securizată 9H - imagine 4,,,,
incarcator-wireless-15w,Încărcător Wireless Rapid 15W,"Încărcătorul wireless rapid de 15W de la Vantage alimentează telefonul fără cabluri, cu un ventilator intern silențios care menține o temperatură optimă de încărcare. Indicatorul LED discret nu deranjează în dormitor, iar compatibilitatea Qi îl face potrivit pentru majoritatea telefoanelor moderne. Este un accesoriu practic pentru birou sau noptieră. Încărcătorul Wireless Rapid 15W este disponibil în categoria Accesorii Telefon de pe EstelaOferta, cu livrare rapidă.",Vantage,Accesorii Telefon,Accesorii Telefon,new,TRUE,Culoare,Negru Onyx,,,INCARCATOR-WIRELESS-15W-BLA,,shopify,80,deny,manual,149,199,TRUE,TRUE,https://picsum.photos/seed/incarcator-wireless-15w-1/1200/1400,1,Încărcător Wireless Rapid 15W - imagine 1,FALSE,Încărcător Wireless Rapid 15W,"Încărcare fără fir, până la 15W, cu răcire activă.",active
incarcator-wireless-15w,,,,,,,,,Alb Crem,,,INCARCATOR-WIRELESS-15W-WHI,,shopify,80,deny,manual,149,199,TRUE,TRUE,https://picsum.photos/seed/incarcator-wireless-15w-2/1200/1400,2,Încărcător Wireless Rapid 15W - imagine 2,FALSE,,,
incarcator-wireless-15w,,,,,,,,,,,,,,,,,,,,,,https://picsum.photos/seed/incarcator-wireless-15w-3/1200/1400,3,Încărcător Wireless Rapid 15W - imagine 3,,,,
incarcator-wireless-15w,,,,,,,,,,,,,,,,,,,,,,https://picsum.photos/seed/incarcator-wireless-15w-4/1200/1400,4,Încărcător Wireless Rapid 15W - imagine 4,,,,
powerbank-20000,Baterie Externă PowerBank 20000mAh,"Bateria externă PowerBank 20000mAh de la Auric acoperă mai multe încărcări complete pentru telefon, fiind ideală pentru călătorii sau zile lungi departe de priză. Cele două porturi USB-C de 20W permit încărcare rapidă simultană pentru două dispozitive, iar afișajul digital arată exact procentul rămas. Funcția pass-through permite încărcarea bateriei și a telefonului în același timp. PowerBank 20000mAh face parte din categoria Accesorii Telefon de pe EstelaOferta.",Auric,Accesorii Telefon,Accesorii Telefon,bestseller,TRUE,Culoare,Negru Onyx,,,POWERBANK-20000-BLA,420,shopify,70,deny,manual,229,,TRUE,TRUE,https://picsum.photos/seed/powerbank-20000-1/1200/1400,1,Baterie Externă PowerBank 20000mAh - imagine 1,FALSE,Baterie Externă PowerBank 20000mAh,"Capacitate mare, două porturi USB-C cu încărcare rapidă.",active
powerbank-20000,,,,,,,,,Nisipiu,,,POWERBANK-20000-SAN,420,shopify,70,deny,manual,229,,TRUE,TRUE,https://picsum.photos/seed/powerbank-20000-2/1200/1400,2,Baterie Externă PowerBank 20000mAh - imagine 2,FALSE,,,
powerbank-20000,,,,,,,,,,,,,,,,,,,,,,https://picsum.photos/seed/powerbank-20000-3/1200/1400,3,Baterie Externă PowerBank 20000mAh - imagine 3,,,,
powerbank-20000,,,,,,,,,,,,,,,,,,,,,,https://picsum.photos/seed/powerbank-20000-4/1200/1400,4,Baterie Externă PowerBank 20000mAh - imagine 4,,,,
suport-auto-magnetic,Suport Auto Magnetic pentru Telefon,"Suportul auto magnetic pentru telefon de la Loam folosește magneți N52 de mare putere pentru a ține telefonul ferm, chiar și pe drum accidentat. Clema rotativă se montează simplu pe grila de ventilație și permite rotirea telefonului pe 360° pentru orientare portrait sau landscape. Este compatibil cu tehnologia MagSafe, dar funcționează la fel de bine cu majoritatea huselor. Comandă Suportul Auto Magnetic din categoria Accesorii Telefon de pe EstelaOferta, cu livrare rapidă și garanție.",Loam,Accesorii Telefon,Accesorii Telefon,flash-deal,TRUE,Culoare,Negru Onyx,,,SUPORT-AUTO-MAGNETIC-BLA,,shopify,220,deny,manual,89,119,TRUE,TRUE,https://picsum.photos/seed/suport-auto-magnetic-1/1200/1400,1,Suport Auto Magnetic pentru Telefon - imagine 1,FALSE,Suport Auto Magnetic pentru Telefon,"Magneți N52, prindere fermă pe orice grilă de ventilație.",active
suport-auto-magnetic,,,,,,,,,,,,,,,,,,,,,,https://picsum.photos/seed/suport-auto-magnetic-2/1200/1400,2,Suport Auto Magnetic pentru Telefon - imagine 2,,,,
suport-auto-magnetic,,,,,,,,,,,,,,,,,,,,,,https://picsum.photos/seed/suport-auto-magnetic-3/1200/1400,3,Suport Auto Magnetic pentru Telefon - imagine 3,,,,
suport-auto-magnetic,,,,,,,,,,,,,,,,,,,,,,https://picsum.photos/seed/suport-auto-magnetic-4/1200/1400,4,Suport Auto Magnetic pentru Telefon - imagine 4,,,,
cablu-usbc-tresat-2m,Cablu USB-C la USB-C Tresat 2m,"Cablul USB-C la USB-C tresat de 2m de la Halcyon are o împletitură din nailon rezistentă, testată la peste 20.000 de îndoiri, pentru o durată de viață mult mai lungă decât a cablurilor obișnuite. Suportă încărcare rapidă până la 100W, suficient pentru laptopuri și telefoane deopotrivă. Lungimea de 2 metri oferă libertate de mișcare în timpul încărcării. Cablul USB-C Tresat 2m este disponibil în categoria Accesorii Telefon de pe EstelaOferta.",Halcyon,Accesorii Telefon,Accesorii Telefon,,TRUE,Culoare,Negru Onyx,,,CABLU-USBC-TRESAT-2M-BLA,,shopify,100,deny,manual,69,,TRUE,TRUE,https://picsum.photos/seed/cablu-usbc-tresat-2m-1/1200/1400,1,Cablu USB-C la USB-C Tresat 2m - imagine 1,FALSE,Cablu USB-C la USB-C Tresat 2m,"Împletitură din nailon, rezistent la îndoiri repetate.",active
cablu-usbc-tresat-2m,,,,,,,,,Alb Crem,,,CABLU-USBC-TRESAT-2M-WHI,,shopify,100,deny,manual,69,,TRUE,TRUE,https://picsum.photos/seed/cablu-usbc-tresat-2m-2/1200/1400,2,Cablu USB-C la USB-C Tresat 2m - imagine 2,FALSE,,,
cablu-usbc-tresat-2m,,,,,,,,,Bleumarin Închis,,,CABLU-USBC-TRESAT-2M-NAV,,shopify,100,deny,manual,69,,TRUE,TRUE,https://picsum.photos/seed/cablu-usbc-tresat-2m-3/1200/1400,3,Cablu USB-C la USB-C Tresat 2m - imagine 3,FALSE,,,
cablu-usbc-tresat-2m,,,,,,,,,,,,,,,,,,,,,,https://picsum.photos/seed/cablu-usbc-tresat-2m-4/1200/1400,4,Cablu USB-C la USB-C Tresat 2m - imagine 4,,,,
casca-bluetooth-clearcall,Cască Bluetooth In-Ear ClearCall,"Căștile bluetooth in-ear ClearCall de la Kessel folosesc un sistem de microfon dublu pentru a reduce zgomotul de fundal la apeluri, ideal pentru muncă de acasă sau deplasări. Autonomia totală de 30 de ore, inclusiv carcasa de încărcare, acoperă zile întregi de utilizare, iar rezistența la apă IPX4 le face potrivite și pentru antrenamente. Controlul tactil simplifică schimbarea melodiilor și răspunsul la apeluri. ClearCall este disponibilă în categoria Accesorii Telefon de pe EstelaOferta, cu livrare rapidă.",Kessel,Accesorii Telefon,Accesorii Telefon,flash-deal,TRUE,Culoare,Negru Onyx,,,CASCA-BLUETOOTH-CLEARCALL-BLA,,shopify,47,deny,manual,179,229,TRUE,TRUE,https://picsum.photos/seed/casca-bluetooth-clearcall-1/1200/1400,1,Cască Bluetooth In-Ear ClearCall - imagine 1,FALSE,Cască Bluetooth In-Ear ClearCall,"Microfon dublu pentru apeluri clare, autonomie 30h cu carcasă.",active
casca-bluetooth-clearcall,,,,,,,,,Alb Crem,,,CASCA-BLUETOOTH-CLEARCALL-WHI,,shopify,47,deny,manual,179,229,TRUE,TRUE,https://picsum.photos/seed/casca-bluetooth-clearcall-2/1200/1400,2,Cască Bluetooth In-Ear ClearCall - imagine 2,FALSE,,,
casca-bluetooth-clearcall,,,,,,,,,,,,,,,,,,,,,,https://picsum.photos/seed/casca-bluetooth-clearcall-3/1200/1400,3,Cască Bluetooth In-Ear ClearCall - imagine 3,,,,
casca-bluetooth-clearcall,,,,,,,,,,,,,,,,,,,,,,https://picsum.photos/seed/casca-bluetooth-clearcall-4/1200/1400,4,Cască Bluetooth In-Ear ClearCall - imagine 4,,,,
trepied-selfie,Trepied Selfie cu Telecomandă,"Trepiedul selfie cu telecomandă de la Norr este extensibil până la 1.6 metri și are un suport rotativ 360° pentru orice unghi de filmare sau fotografiere. Telecomanda Bluetooth inclusă permite declanșarea de la distanță, fără a atinge telefonul. Structura ușoară din aluminiu îl face practic pentru călătorii și conținut pentru social media. Trepiedul Selfie cu Telecomandă face parte din categoria Accesorii Telefon de pe EstelaOferta.",Norr,Accesorii Telefon,Accesorii Telefon,new,TRUE,Culoare,Negru Onyx,,,TREPIED-SELFIE-BLA,,shopify,130,deny,manual,99,139,TRUE,TRUE,https://picsum.photos/seed/trepied-selfie-1/1200/1400,1,Trepied Selfie cu Telecomandă - imagine 1,FALSE,Trepied Selfie cu Telecomandă,"Extensibil până la 1.6m, telecomandă Bluetooth inclusă.",active
trepied-selfie,,,,,,,,,,,,,,,,,,,,,,https://picsum.photos/seed/trepied-selfie-2/1200/1400,2,Trepied Selfie cu Telecomandă - imagine 2,,,,
trepied-selfie,,,,,,,,,,,,,,,,,,,,,,https://picsum.photos/seed/trepied-selfie-3/1200/1400,3,Trepied Selfie cu Telecomandă - imagine 3,,,,
trepied-selfie,,,,,,,,,,,,,,,,,,,,,,https://picsum.photos/seed/trepied-selfie-4/1200/1400,4,Trepied Selfie cu Telecomandă - imagine 4,,,,
adaptor-priza-dual,Adaptor Priză Dublu USB-C + USB-A,"Adaptorul de priză dublu USB-C + USB-A de la Vantage folosește tehnologie GaN pentru un format compact, fără a compromite puterea de încărcare. Portul USB-C de 20W încarcă rapid telefonul, iar portul USB-A rămâne util pentru accesorii mai vechi. Protecția la supraîncărcare îl face sigur pentru utilizare zilnică sau în călătorii. Adaptorul Priză Dublu este disponibil în categoria Accesorii Telefon de pe EstelaOferta, cu livrare rapidă.",Vantage,Accesorii Telefon,Accesorii Telefon,,TRUE,Culoare,Negru Onyx,,,ADAPTOR-PRIZA-DUAL-BLA,,shopify,87,deny,manual,79,,TRUE,TRUE,https://picsum.photos/seed/adaptor-priza-dual-1/1200/1400,1,Adaptor Priză Dublu USB-C + USB-A - imagine 1,FALSE,Adaptor Priză Dublu USB-C + USB-A,"20W GaN, format compact pentru călătorii.",active
adaptor-priza-dual,,,,,,,,,Alb Crem,,,ADAPTOR-PRIZA-DUAL-WHI,,shopify,87,deny,manual,79,,TRUE,TRUE,https://picsum.photos/seed/adaptor-priza-dual-2/1200/1400,2,Adaptor Priză Dublu USB-C + USB-A - imagine 2,FALSE,,,
adaptor-priza-dual,,,,,,,,,,,,,,,,,,,,,,https://picsum.photos/seed/adaptor-priza-dual-3/1200/1400,3,Adaptor Priză Dublu USB-C + USB-A - imagine 3,,,,
adaptor-priza-dual,,,,,,,,,,,,,,,,,,,,,,https://picsum.photos/seed/adaptor-priza-dual-4/1200/1400,4,Adaptor Priză Dublu USB-C + USB-A - imagine 4,,,,
set-lentile-foto,Set Lentile Foto pentru Telefon,"Setul de lentile foto pentru telefon de la Auric include 3 lentile din sticlă optică — wide-angle, macro și fisheye — pentru fotografii creative direct de pe telefon. Clipul universal este compatibil cu majoritatea telefoanelor și huselor subțiri, iar husa de transport inclusă protejează lentilele pe drum. Este un accesoriu potrivit pentru cei pasionați de fotografie mobilă. Setul de Lentile Foto este disponibil în stoc limitat în categoria Accesorii Telefon de pe EstelaOferta.",Auric,Accesorii Telefon,Accesorii Telefon,limited,TRUE,Culoare,Negru Onyx,,,SET-LENTILE-FOTO-BLA,,shopify,45,deny,manual,129,169,TRUE,TRUE,https://picsum.photos/seed/set-lentile-foto-1/1200/1400,1,Set Lentile Foto pentru Telefon - imagine 1,FALSE,Set Lentile Foto pentru Telefon,"Wide, macro și fisheye — clip universal, sticlă optică.",active
set-lentile-foto,,,,,,,,,,,,,,,,,,,,,,https://picsum.photos/seed/set-lentile-foto-2/1200/1400,2,Set Lentile Foto pentru Telefon - imagine 2,,,,
set-lentile-foto,,,,,,,,,,,,,,,,,,,,,,https://picsum.photos/seed/set-lentile-foto-3/1200/1400,3,Set Lentile Foto pentru Telefon - imagine 3,,,,
set-lentile-foto,,,,,,,,,,,,,,,,,,,,,,https://picsum.photos/seed/set-lentile-foto-4/1200/1400,4,Set Lentile Foto pentru Telefon - imagine 4,,,,
suport-birou-flexibil,Suport Telefon cu Braț Flexibil pentru Birou,"Suportul de telefon cu braț flexibil pentru birou de la Halcyon se ajustează pe 360° pentru unghiul perfect la apeluri video sau vizionat conținut. Brațul din aluminiu este suficient de rigid pentru a menține telefonul stabil, iar clema din cauciuc antiderapant nu zgârie biroul. Este compatibil cu majoritatea telefoanelor, indiferent de dimensiune. Comandă Suportul Birou Flexibil din categoria Accesorii Telefon de pe EstelaOferta, cu livrare rapidă și garanție.",Halcyon,Accesorii Telefon,Accesorii Telefon,new,TRUE,Culoare,Negru Onyx,,,SUPORT-BIROU-FLEXIBIL-BLA,,shopify,45,deny,manual,119,149,TRUE,TRUE,https://picsum.photos/seed/suport-birou-flexibil-1/1200/1400,1,Suport Telefon cu Braț Flexibil pentru Birou - imagine 1,FALSE,Suport Telefon cu Braț Flexibil pentru Birou,"Braț ajustabil pe 360°, clemă solidă pentru orice birou.",active
suport-birou-flexibil,,,,,,,,,Alb Crem,,,SUPORT-BIROU-FLEXIBIL-WHI,,shopify,45,deny,manual,119,149,TRUE,TRUE,https://picsum.photos/seed/suport-birou-flexibil-2/1200/1400,2,Suport Telefon cu Braț Flexibil pentru Birou - imagine 2,FALSE,,,
suport-birou-flexibil,,,,,,,,,,,,,,,,,,,,,,https://picsum.photos/seed/suport-birou-flexibil-3/1200/1400,3,Suport Telefon cu Braț Flexibil pentru Birou - imagine 3,,,,
suport-birou-flexibil,,,,,,,,,,,,,,,,,,,,,,https://picsum.photos/seed/suport-birou-flexibil-4/1200/1400,4,Suport Telefon cu Braț Flexibil pentru Birou - imagine 4,,,,
cablu-lightning-tresat-1m,Cablu Lightning la USB-C Tresat 1m,"Cablul Lightning la USB-C tresat de 1m de la Kessel este certificat MFi, garantând compatibilitate completă cu dispozitivele Apple. Împletitura din nailon și conectorii din aluminiu îi oferă rezistență la uz zilnic, iar transferul de date rămâne stabil chiar și la încărcare rapidă. Lungimea de 1 metru este ideală pentru încărcare de pe birou sau noptieră. Cablul Lightning Tresat 1m face parte din categoria Accesorii Telefon de pe EstelaOferta.",Kessel,Accesorii Telefon,Accesorii Telefon,new,TRUE,Culoare,Negru Onyx,,,CABLU-LIGHTNING-TRESAT-1M-BLA,,shopify,90,deny,manual,89,,TRUE,TRUE,https://picsum.photos/seed/cablu-lightning-tresat-1m-1/1200/1400,1,Cablu Lightning la USB-C Tresat 1m - imagine 1,FALSE,Cablu Lightning la USB-C Tresat 1m,"Împletitură din nailon, certificat MFi, încărcare rapidă.",active
cablu-lightning-tresat-1m,,,,,,,,,Alb Crem,,,CABLU-LIGHTNING-TRESAT-1M-WHI,,shopify,90,deny,manual,89,,TRUE,TRUE,https://picsum.photos/seed/cablu-lightning-tresat-1m-2/1200/1400,2,Cablu Lightning la USB-C Tresat 1m - imagine 2,FALSE,,,
cablu-lightning-tresat-1m,,,,,,,,,,,,,,,,,,,,,,https://picsum.photos/seed/cablu-lightning-tresat-1m-3/1200/1400,3,Cablu Lightning la USB-C Tresat 1m - imagine 3,,,,
cablu-lightning-tresat-1m,,,,,,,,,,,,,,,,,,,,,,https://picsum.photos/seed/cablu-lightning-tresat-1m-4/1200/1400,4,Cablu Lightning la USB-C Tresat 1m - imagine 4,,,,
tricou-bumbac-essential,Tricou din Bumbac Organic Essential,"Tricoul din bumbac organic Essential de la Halcyon este realizat dintr-un bumbac organic certificat GOTS, greu și rezistent, preshrunk pentru a-și păstra forma spălare după spălare. Gulerul întărit și croiala regular fit fac acest tricou versatil, potrivit atât pentru purtat zilnic, cât și sub o jachetă. Este disponibil în mai multe culori și mărimi, de la XS la XL. Tricoul Essential face parte din categoria Fashion de pe EstelaOferta, cu livrare rapidă.",Halcyon,Fashion,Fashion,bestseller,TRUE,Culoare,Alb Crem,Mărime,XS,TRICOU-BUMBAC-ESSENTIAL-WHI-XS,,shopify,11,deny,manual,129,,TRUE,TRUE,https://picsum.photos/seed/tricou-bumbac-essential-1/1200/1400,1,Tricou din Bumbac Organic Essential - imagine 1,FALSE,Tricou din Bumbac Organic Essential,"Bumbac organic greu, croială care își păstrează forma.",active
tricou-bumbac-essential,,,,,,,,,Alb Crem,,S,TRICOU-BUMBAC-ESSENTIAL-WHI-S,,shopify,11,deny,manual,129,,TRUE,TRUE,https://picsum.photos/seed/tricou-bumbac-essential-2/1200/1400,2,Tricou din Bumbac Organic Essential - imagine 2,FALSE,,,
tricou-bumbac-essential,,,,,,,,,Alb Crem,,M,TRICOU-BUMBAC-ESSENTIAL-WHI-M,,shopify,11,deny,manual,129,,TRUE,TRUE,https://picsum.photos/seed/tricou-bumbac-essential-3/1200/1400,3,Tricou din Bumbac Organic Essential - imagine 3,FALSE,,,
tricou-bumbac-essential,,,,,,,,,Alb Crem,,L,TRICOU-BUMBAC-ESSENTIAL-WHI-L,,shopify,11,deny,manual,129,,TRUE,TRUE,https://picsum.photos/seed/tricou-bumbac-essential-4/1200/1400,4,Tricou din Bumbac Organic Essential - imagine 4,FALSE,,,
tricou-bumbac-essential,,,,,,,,,Alb Crem,,XL,TRICOU-BUMBAC-ESSENTIAL-WHI-XL,,shopify,11,deny,manual,129,,TRUE,TRUE,,,,FALSE,,,
tricou-bumbac-essential,,,,,,,,,Negru Onyx,,XS,TRICOU-BUMBAC-ESSENTIAL-BLA-XS,,shopify,11,deny,manual,129,,TRUE,TRUE,,,,FALSE,,,
tricou-bumbac-essential,,,,,,,,,Negru Onyx,,S,TRICOU-BUMBAC-ESSENTIAL-BLA-S,,shopify,11,deny,manual,129,,TRUE,TRUE,,,,FALSE,,,
tricou-bumbac-essential,,,,,,,,,Negru Onyx,,M,TRICOU-BUMBAC-ESSENTIAL-BLA-M,,shopify,11,deny,manual,129,,TRUE,TRUE,,,,FALSE,,,
tricou-bumbac-essential,,,,,,,,,Negru Onyx,,L,TRICOU-BUMBAC-ESSENTIAL-BLA-L,,shopify,11,deny,manual,129,,TRUE,TRUE,,,,FALSE,,,
tricou-bumbac-essential,,,,,,,,,Negru Onyx,,XL,TRICOU-BUMBAC-ESSENTIAL-BLA-XL,,shopify,11,deny,manual,129,,TRUE,TRUE,,,,FALSE,,,
tricou-bumbac-essential,,,,,,,,,Gri Piatră,,XS,TRICOU-BUMBAC-ESSENTIAL-STO-XS,,shopify,11,deny,manual,129,,TRUE,TRUE,,,,FALSE,,,
tricou-bumbac-essential,,,,,,,,,Gri Piatră,,S,TRICOU-BUMBAC-ESSENTIAL-STO-S,,shopify,11,deny,manual,129,,TRUE,TRUE,,,,FALSE,,,
tricou-bumbac-essential,,,,,,,,,Gri Piatră,,M,TRICOU-BUMBAC-ESSENTIAL-STO-M,,shopify,11,deny,manual,129,,TRUE,TRUE,,,,FALSE,,,
tricou-bumbac-essential,,,,,,,,,Gri Piatră,,L,TRICOU-BUMBAC-ESSENTIAL-STO-L,,shopify,11,deny,manual,129,,TRUE,TRUE,,,,FALSE,,,
tricou-bumbac-essential,,,,,,,,,Gri Piatră,,XL,TRICOU-BUMBAC-ESSENTIAL-STO-XL,,shopify,11,deny,manual,129,,TRUE,TRUE,,,,FALSE,,,
tricou-bumbac-essential,,,,,,,,,Bleumarin Închis,,XS,TRICOU-BUMBAC-ESSENTIAL-NAV-XS,,shopify,11,deny,manual,129,,TRUE,TRUE,,,,FALSE,,,
tricou-bumbac-essential,,,,,,,,,Bleumarin Închis,,S,TRICOU-BUMBAC-ESSENTIAL-NAV-S,,shopify,11,deny,manual,129,,TRUE,TRUE,,,,FALSE,,,
tricou-bumbac-essential,,,,,,,,,Bleumarin Închis,,M,TRICOU-BUMBAC-ESSENTIAL-NAV-M,,shopify,11,deny,manual,129,,TRUE,TRUE,,,,FALSE,,,
tricou-bumbac-essential,,,,,,,,,Bleumarin Închis,,L,TRICOU-BUMBAC-ESSENTIAL-NAV-L,,shopify,11,deny,manual,129,,TRUE,TRUE,,,,FALSE,,,
tricou-bumbac-essential,,,,,,,,,Bleumarin Închis,,XL,TRICOU-BUMBAC-ESSENTIAL-NAV-XL,,shopify,11,deny,manual,129,,TRUE,TRUE,,,,FALSE,,,
geaca-bomber-urbanshell,Geacă Bomber Impermeabilă UrbanShell,"Geaca bomber impermeabilă UrbanShell de la Vantage combină o membrană tehnică impermeabilă cu o croială bomber clasică, potrivită pentru zilele de tranziție dintre sezoane. Buzunarele cu fermoar ascuns și manșetele ajustabile adaugă funcționalitate fără să afecteze silueta, iar căptușeala interioară moale oferă confort suplimentar. Este disponibilă în mai multe mărimi, de la S la XXL. Comandă UrbanShell din categoria Fashion de pe EstelaOferta, cu livrare rapidă.",Vantage,Fashion,Fashion,flash-deal,TRUE,Culoare,Negru Onyx,Mărime,S,GEACA-BOMBER-URBANSHELL-BLA-S,,shopify,4,deny,manual,549,699,TRUE,TRUE,https://picsum.photos/seed/geaca-bomber-urbanshell-1/1200/1400,1,Geacă Bomber Impermeabilă UrbanShell - imagine 1,FALSE,Geacă Bomber Impermeabilă UrbanShell,"Membrană impermeabilă, croială bomber urbană.",active
geaca-bomber-urbanshell,,,,,,,,,Negru Onyx,,M,GEACA-BOMBER-URBANSHELL-BLA-M,,shopify,4,deny,manual,549,699,TRUE,TRUE,https://picsum.photos/seed/geaca-bomber-urbanshell-2/1200/1400,2,Geacă Bomber Impermeabilă UrbanShell - imagine 2,FALSE,,,
geaca-bomber-urbanshell,,,,,,,,,Negru Onyx,,L,GEACA-BOMBER-URBANSHELL-BLA-L,,shopify,4,deny,manual,549,699,TRUE,TRUE,https://picsum.photos/seed/geaca-bomber-urbanshell-3/1200/1400,3,Geacă Bomber Impermeabilă UrbanShell - imagine 3,FALSE,,,
geaca-bomber-urbanshell,,,,,,,,,Negru Onyx,,XL,GEACA-BOMBER-URBANSHELL-BLA-XL,,shopify,4,deny,manual,549,699,TRUE,TRUE,https://picsum.photos/seed/geaca-bomber-urbanshell-4/1200/1400,4,Geacă Bomber Impermeabilă UrbanShell - imagine 4,FALSE,,,
geaca-bomber-urbanshell,,,,,,,,,Negru Onyx,,XXL,GEACA-BOMBER-URBANSHELL-BLA-XXL,,shopify,4,deny,manual,549,699,TRUE,TRUE,,,,FALSE,,,
geaca-bomber-urbanshell,,,,,,,,,Bleumarin Închis,,S,GEACA-BOMBER-URBANSHELL-NAV-S,,shopify,4,deny,manual,549,699,TRUE,TRUE,,,,FALSE,,,
geaca-bomber-urbanshell,,,,,,,,,Bleumarin Închis,,M,GEACA-BOMBER-URBANSHELL-NAV-M,,shopify,4,deny,manual,549,699,TRUE,TRUE,,,,FALSE,,,
geaca-bomber-urbanshell,,,,,,,,,Bleumarin Închis,,L,GEACA-BOMBER-URBANSHELL-NAV-L,,shopify,4,deny,manual,549,699,TRUE,TRUE,,,,FALSE,,,
geaca-bomber-urbanshell,,,,,,,,,Bleumarin Închis,,XL,GEACA-BOMBER-URBANSHELL-NAV-XL,,shopify,4,deny,manual,549,699,TRUE,TRUE,,,,FALSE,,,
geaca-bomber-urbanshell,,,,,,,,,Bleumarin Închis,,XXL,GEACA-BOMBER-URBANSHELL-NAV-XXL,,shopify,4,deny,manual,549,699,TRUE,TRUE,,,,FALSE,,,
geaca-bomber-urbanshell,,,,,,,,,Gri Piatră,,S,GEACA-BOMBER-URBANSHELL-STO-S,,shopify,4,deny,manual,549,699,TRUE,TRUE,,,,FALSE,,,
geaca-bomber-urbanshell,,,,,,,,,Gri Piatră,,M,GEACA-BOMBER-URBANSHELL-STO-M,,shopify,4,deny,manual,549,699,TRUE,TRUE,,,,FALSE,,,
geaca-bomber-urbanshell,,,,,,,,,Gri Piatră,,L,GEACA-BOMBER-URBANSHELL-STO-L,,shopify,4,deny,manual,549,699,TRUE,TRUE,,,,FALSE,,,
geaca-bomber-urbanshell,,,,,,,,,Gri Piatră,,XL,GEACA-BOMBER-URBANSHELL-STO-XL,,shopify,4,deny,manual,549,699,TRUE,TRUE,,,,FALSE,,,
geaca-bomber-urbanshell,,,,,,,,,Gri Piatră,,XXL,GEACA-BOMBER-URBANSHELL-STO-XXL,,shopify,4,deny,manual,549,699,TRUE,TRUE,,,,FALSE,,,
pantaloni-chino-slim,Pantaloni Chino Slim Fit,"Pantalonii chino slim fit de la Norr sunt confecționați din bumbac cu adaos de elastan, pentru o siluetă curată care nu restricționează mișcarea pe parcursul zilei. Buzunarele frontale oblice și talia ajustabilă cu curea interioară completează o croială gândită pentru purtat zilnic, la birou sau în oraș. Sunt disponibili în culori neutre, ușor de asortat. Pantalonii Chino Slim Fit fac parte din categoria Fashion de pe EstelaOferta.",Norr,Fashion,Fashion,flash-deal,TRUE,Culoare,Gri Piatră,Mărime,S,PANTALONI-CHINO-SLIM-STO-S,,shopify,11,deny,manual,259,319,TRUE,TRUE,https://picsum.photos/seed/pantaloni-chino-slim-1/1200/1400,1,Pantaloni Chino Slim Fit - imagine 1,FALSE,Pantaloni Chino Slim Fit,"Bumbac elastic, croială slim care nu restricționează mișcarea.",active
pantaloni-chino-slim,,,,,,,,,Gri Piatră,,M,PANTALONI-CHINO-SLIM-STO-M,,shopify,11,deny,manual,259,319,TRUE,TRUE,https://picsum.photos/seed/pantaloni-chino-slim-2/1200/1400,2,Pantaloni Chino Slim Fit - imagine 2,FALSE,,,
pantaloni-chino-slim,,,,,,,,,Gri Piatră,,L,PANTALONI-CHINO-SLIM-STO-L,,shopify,11,deny,manual,259,319,TRUE,TRUE,https://picsum.photos/seed/pantaloni-chino-slim-3/1200/1400,3,Pantaloni Chino Slim Fit - imagine 3,FALSE,,,
pantaloni-chino-slim,,,,,,,,,Gri Piatră,,XL,PANTALONI-CHINO-SLIM-STO-XL,,shopify,11,deny,manual,259,319,TRUE,TRUE,https://picsum.photos/seed/pantaloni-chino-slim-4/1200/1400,4,Pantaloni Chino Slim Fit - imagine 4,FALSE,,,
pantaloni-chino-slim,,,,,,,,,Negru Onyx,,S,PANTALONI-CHINO-SLIM-BLA-S,,shopify,11,deny,manual,259,319,TRUE,TRUE,,,,FALSE,,,
pantaloni-chino-slim,,,,,,,,,Negru Onyx,,M,PANTALONI-CHINO-SLIM-BLA-M,,shopify,11,deny,manual,259,319,TRUE,TRUE,,,,FALSE,,,
pantaloni-chino-slim,,,,,,,,,Negru Onyx,,L,PANTALONI-CHINO-SLIM-BLA-L,,shopify,11,deny,manual,259,319,TRUE,TRUE,,,,FALSE,,,
pantaloni-chino-slim,,,,,,,,,Negru Onyx,,XL,PANTALONI-CHINO-SLIM-BLA-XL,,shopify,11,deny,manual,259,319,TRUE,TRUE,,,,FALSE,,,
pantaloni-chino-slim,,,,,,,,,Bleumarin Închis,,S,PANTALONI-CHINO-SLIM-NAV-S,,shopify,11,deny,manual,259,319,TRUE,TRUE,,,,FALSE,,,
pantaloni-chino-slim,,,,,,,,,Bleumarin Închis,,M,PANTALONI-CHINO-SLIM-NAV-M,,shopify,11,deny,manual,259,319,TRUE,TRUE,,,,FALSE,,,
pantaloni-chino-slim,,,,,,,,,Bleumarin Închis,,L,PANTALONI-CHINO-SLIM-NAV-L,,shopify,11,deny,manual,259,319,TRUE,TRUE,,,,FALSE,,,
pantaloni-chino-slim,,,,,,,,,Bleumarin Închis,,XL,PANTALONI-CHINO-SLIM-NAV-XL,,shopify,11,deny,manual,259,319,TRUE,TRUE,,,,FALSE,,,
rochie-midi-in,Rochie Midi din In,"Rochia midi din in de la Kessel este confecționată din in 100%, un material respirabil, potrivit pentru zile lungi de vară. Croiala fluidă și cureaua ajustabilă la talie oferă o siluetă flatantă, fără să limiteze mișcarea, iar buzunarele laterale adaugă practicitate rar întâlnită la rochii. Este disponibilă în mai multe culori, de la nisipiu la smarald. Rochia Midi din In face parte din categoria Fashion de pe EstelaOferta, cu livrare rapidă.",Kessel,Fashion,Fashion,new,TRUE,Culoare,Nisipiu,Mărime,XS,ROCHIE-MIDI-IN-SAN-XS,,shopify,4,deny,manual,379,,TRUE,TRUE,https://picsum.photos/seed/rochie-midi-in-1/1200/1400,1,Rochie Midi din In - imagine 1,FALSE,Rochie Midi din In,"In respirabil, croială fluidă pentru orice sezon cald.",active
rochie-midi-in,,,,,,,,,Nisipiu,,S,ROCHIE-MIDI-IN-SAN-S,,shopify,4,deny,manual,379,,TRUE,TRUE,https://picsum.photos/seed/rochie-midi-in-2/1200/1400,2,Rochie Midi din In - imagine 2,FALSE,,,
rochie-midi-in,,,,,,,,,Nisipiu,,M,ROCHIE-MIDI-IN-SAN-M,,shopify,4,deny,manual,379,,TRUE,TRUE,https://picsum.photos/seed/rochie-midi-in-3/1200/1400,3,Rochie Midi din In - imagine 3,FALSE,,,
rochie-midi-in,,,,,,,,,Nisipiu,,L,ROCHIE-MIDI-IN-SAN-L,,shopify,4,deny,manual,379,,TRUE,TRUE,https://picsum.photos/seed/rochie-midi-in-4/1200/1400,4,Rochie Midi din In - imagine 4,FALSE,,,
rochie-midi-in,,,,,,,,,Alb Crem,,XS,ROCHIE-MIDI-IN-WHI-XS,,shopify,4,deny,manual,379,,TRUE,TRUE,,,,FALSE,,,
rochie-midi-in,,,,,,,,,Alb Crem,,S,ROCHIE-MIDI-IN-WHI-S,,shopify,4,deny,manual,379,,TRUE,TRUE,,,,FALSE,,,
rochie-midi-in,,,,,,,,,Alb Crem,,M,ROCHIE-MIDI-IN-WHI-M,,shopify,4,deny,manual,379,,TRUE,TRUE,,,,FALSE,,,
rochie-midi-in,,,,,,,,,Alb Crem,,L,ROCHIE-MIDI-IN-WHI-L,,shopify,4,deny,manual,379,,TRUE,TRUE,,,,FALSE,,,
rochie-midi-in,,,,,,,,,Smarald,,XS,ROCHIE-MIDI-IN-EME-XS,,shopify,4,deny,manual,379,,TRUE,TRUE,,,,FALSE,,,
rochie-midi-in,,,,,,,,,Smarald,,S,ROCHIE-MIDI-IN-EME-S,,shopify,4,deny,manual,379,,TRUE,TRUE,,,,FALSE,,,
rochie-midi-in,,,,,,,,,Smarald,,M,ROCHIE-MIDI-IN-EME-M,,shopify,4,deny,manual,379,,TRUE,TRUE,,,,FALSE,,,
rochie-midi-in,,,,,,,,,Smarald,,L,ROCHIE-MIDI-IN-EME-L,,shopify,4,deny,manual,379,,TRUE,TRUE,,,,FALSE,,,
pulover-lana-merino,Pulover din Lână Merino,"Puloverul din lână merino de la Halcyon este tricotat din fire fine de 17,5 microni, suficient de moi pentru a fi purtate direct pe piele, fără disconfort. Lâna merino reglează temperatura corpului în mod natural și rezistă la mirosuri, ceea ce îl face potrivit pentru purtat mai multe zile la rând între spălări. Este lavabil la mașină și disponibil în mărimi de la XS la XL. Puloverul din Lână Merino face parte din categoria Fashion de pe EstelaOferta.",Halcyon,Fashion,Fashion,"bestseller, flash-deal",TRUE,Culoare,Bleumarin Închis,Mărime,XS,PULOVER-LANA-MERINO-NAV-XS,,shopify,6,deny,manual,449,549,TRUE,TRUE,https://picsum.photos/seed/pulover-lana-merino-1/1200/1400,1,Pulover din Lână Merino - imagine 1,FALSE,Pulover din Lână Merino,"Merino fin de 17,5 microni, purtat direct pe piele.",active
pulover-lana-merino,,,,,,,,,Bleumarin Închis,,S,PULOVER-LANA-MERINO-NAV-S,,shopify,6,deny,manual,449,549,TRUE,TRUE,https://picsum.photos/seed/pulover-lana-merino-2/1200/1400,2,Pulover din Lână Merino - imagine 2,FALSE,,,
pulover-lana-merino,,,,,,,,,Bleumarin Închis,,M,PULOVER-LANA-MERINO-NAV-M,,shopify,6,deny,manual,449,549,TRUE,TRUE,https://picsum.photos/seed/pulover-lana-merino-3/1200/1400,3,Pulover din Lână Merino - imagine 3,FALSE,,,
pulover-lana-merino,,,,,,,,,Bleumarin Închis,,L,PULOVER-LANA-MERINO-NAV-L,,shopify,6,deny,manual,449,549,TRUE,TRUE,https://picsum.photos/seed/pulover-lana-merino-4/1200/1400,4,Pulover din Lână Merino - imagine 4,FALSE,,,
pulover-lana-merino,,,,,,,,,Bleumarin Închis,,XL,PULOVER-LANA-MERINO-NAV-XL,,shopify,6,deny,manual,449,549,TRUE,TRUE,,,,FALSE,,,
pulover-lana-merino,,,,,,,,,Gri Piatră,,XS,PULOVER-LANA-MERINO-STO-XS,,shopify,6,deny,manual,449,549,TRUE,TRUE,,,,FALSE,,,
pulover-lana-merino,,,,,,,,,Gri Piatră,,S,PULOVER-LANA-MERINO-STO-S,,shopify,6,deny,manual,449,549,TRUE,TRUE,,,,FALSE,,,
pulover-lana-merino,,,,,,,,,Gri Piatră,,M,PULOVER-LANA-MERINO-STO-M,,shopify,6,deny,manual,449,549,TRUE,TRUE,,,,FALSE,,,
pulover-lana-merino,,,,,,,,,Gri Piatră,,L,PULOVER-LANA-MERINO-STO-L,,shopify,6,deny,manual,449,549,TRUE,TRUE,,,,FALSE,,,
pulover-lana-merino,,,,,,,,,Gri Piatră,,XL,PULOVER-LANA-MERINO-STO-XL,,shopify,6,deny,manual,449,549,TRUE,TRUE,,,,FALSE,,,
pulover-lana-merino,,,,,,,,,Negru Onyx,,XS,PULOVER-LANA-MERINO-BLA-XS,,shopify,6,deny,manual,449,549,TRUE,TRUE,,,,FALSE,,,
pulover-lana-merino,,,,,,,,,Negru Onyx,,S,PULOVER-LANA-MERINO-BLA-S,,shopify,6,deny,manual,449,549,TRUE,TRUE,,,,FALSE,,,
pulover-lana-merino,,,,,,,,,Negru Onyx,,M,PULOVER-LANA-MERINO-BLA-M,,shopify,6,deny,manual,449,549,TRUE,TRUE,,,,FALSE,,,
pulover-lana-merino,,,,,,,,,Negru Onyx,,L,PULOVER-LANA-MERINO-BLA-L,,shopify,6,deny,manual,449,549,TRUE,TRUE,,,,FALSE,,,
pulover-lana-merino,,,,,,,,,Negru Onyx,,XL,PULOVER-LANA-MERINO-BLA-XL,,shopify,6,deny,manual,449,549,TRUE,TRUE,,,,FALSE,,,
esarfa-matase,Eșarfă din Mătase Imprimată,"Eșarfa din mătase imprimată de la Loam este realizată din mătase 100%, cu un imprimeu exclusiv creat pentru colecția de sezon. Marginile rulate, cusute manual, adaugă o finisare impecabilă, tipică pieselor lucrate cu atenție la detalii. Cu dimensiunea de 90x90cm, este versatilă — o poți purta la gât, ca accesoriu de păr sau eșarfă de geantă. Eșarfa din Mătase Imprimată face parte din categoria Fashion de pe EstelaOferta.",Loam,Fashion,Fashion,,TRUE,Culoare,Smarald,,,ESARFA-MATASE-EME,,shopify,21,deny,manual,229,,TRUE,TRUE,https://picsum.photos/seed/esarfa-matase-1/1200/1400,1,Eșarfă din Mătase Imprimată - imagine 1,FALSE,Eșarfă din Mătase Imprimată,"Mătase 100%, imprimeu exclusiv, margini cusute manual.",active
esarfa-matase,,,,,,,,,Coniac,,,ESARFA-MATASE-COG,,shopify,21,deny,manual,229,,TRUE,TRUE,https://picsum.photos/seed/esarfa-matase-2/1200/1400,2,Eșarfă din Mătase Imprimată - imagine 2,FALSE,,,
esarfa-matase,,,,,,,,,Negru Onyx,,,ESARFA-MATASE-BLA,,shopify,21,deny,manual,229,,TRUE,TRUE,https://picsum.photos/seed/esarfa-matase-3/1200/1400,3,Eșarfă din Mătase Imprimată - imagine 3,FALSE,,,
esarfa-matase,,,,,,,,,,,,,,,,,,,,,,https://picsum.photos/seed/esarfa-matase-4/1200/1400,4,Eșarfă din Mătase Imprimată - imagine 4,,,,
curea-piele-reversibila,Curea din Piele Reversibilă,"Cureaua din piele reversibilă de la Norr este realizată din piele integrală, cu negru pe o parte și coniac pe cealaltă, astfel încât o singură curea acoperă două ținute diferite. Catarama rotativă schimbă instant culoarea vizibilă, fără a scoate cureaua din pantaloni. Lățimea de 3.5cm o face potrivită atât pentru ținute casual, cât și office. Cureaua din Piele Reversibilă este disponibilă în categoria Fashion de pe EstelaOferta, cu livrare rapidă.",Norr,Fashion,Fashion,,TRUE,Culoare,Negru Onyx,Mărime,S,CUREA-PIELE-REVERSIBILA-BLA-S,,shopify,13,deny,manual,199,,TRUE,TRUE,https://picsum.photos/seed/curea-piele-reversibila-1/1200/1400,1,Curea din Piele Reversibilă - imagine 1,FALSE,Curea din Piele Reversibilă,"Două culori într-o singură curea, cataramă rotativă.",active
curea-piele-reversibila,,,,,,,,,Negru Onyx,,M,CUREA-PIELE-REVERSIBILA-BLA-M,,shopify,13,deny,manual,199,,TRUE,TRUE,https://picsum.photos/seed/curea-piele-reversibila-2/1200/1400,2,Curea din Piele Reversibilă - imagine 2,FALSE,,,
curea-piele-reversibila,,,,,,,,,Negru Onyx,,L,CUREA-PIELE-REVERSIBILA-BLA-L,,shopify,13,deny,manual,199,,TRUE,TRUE,https://picsum.photos/seed/curea-piele-reversibila-3/1200/1400,3,Curea din Piele Reversibilă - imagine 3,FALSE,,,
curea-piele-reversibila,,,,,,,,,Negru Onyx,,XL,CUREA-PIELE-REVERSIBILA-BLA-XL,,shopify,13,deny,manual,199,,TRUE,TRUE,https://picsum.photos/seed/curea-piele-reversibila-4/1200/1400,4,Curea din Piele Reversibilă - imagine 4,FALSE,,,
curea-piele-reversibila,,,,,,,,,Coniac,,S,CUREA-PIELE-REVERSIBILA-COG-S,,shopify,13,deny,manual,199,,TRUE,TRUE,,,,FALSE,,,
curea-piele-reversibila,,,,,,,,,Coniac,,M,CUREA-PIELE-REVERSIBILA-COG-M,,shopify,13,deny,manual,199,,TRUE,TRUE,,,,FALSE,,,
curea-piele-reversibila,,,,,,,,,Coniac,,L,CUREA-PIELE-REVERSIBILA-COG-L,,shopify,13,deny,manual,199,,TRUE,TRUE,,,,FALSE,,,
curea-piele-reversibila,,,,,,,,,Coniac,,XL,CUREA-PIELE-REVERSIBILA-COG-XL,,shopify,13,deny,manual,199,,TRUE,TRUE,,,,FALSE,,,
ochelari-aviator,Ochelari de Soare Aviator,"Ochelarii de soare aviator de la Vantage reinterpretează un model clasic, cu lentile polarizate UV400 care reduc strălucirea și protejează ochii pe zile însorite. Rama metalică ultra-ușoară este finisată manual pentru un aspect premium, iar balamalele elastice se adaptează formei feței pentru un confort mai bun. Vin cu husă rigidă inclusă pentru protecție pe drum. Ochelarii Aviator fac parte din categoria Fashion de pe EstelaOferta.",Vantage,Fashion,Fashion,flash-deal,TRUE,Culoare,Negru Onyx,,,OCHELARI-AVIATOR-BLA,,shopify,41,deny,manual,349,429,TRUE,TRUE,https://picsum.photos/seed/ochelari-aviator-1/1200/1400,1,Ochelari de Soare Aviator - imagine 1,FALSE,Ochelari de Soare Aviator,"Lentile polarizate UV400, ramă metalică ușoară.",active
ochelari-aviator,,,,,,,,,Coniac,,,OCHELARI-AVIATOR-COG,,shopify,41,deny,manual,349,429,TRUE,TRUE,https://picsum.photos/seed/ochelari-aviator-2/1200/1400,2,Ochelari de Soare Aviator - imagine 2,FALSE,,,
ochelari-aviator,,,,,,,,,,,,,,,,,,,,,,https://picsum.photos/seed/ochelari-aviator-3/1200/1400,3,Ochelari de Soare Aviator - imagine 3,,,,
ochelari-aviator,,,,,,,,,,,,,,,,,,,,,,https://picsum.photos/seed/ochelari-aviator-4/1200/1400,4,Ochelari de Soare Aviator - imagine 4,,,,
geanta-crossbody,Geantă Crossbody Compactă,"Geanta crossbody compactă de la Kessel este realizată din piele integrală și gândită exact pentru esențialele zilnice — telefon, card, chei. Cureaua ajustabilă și fermoarul securizat oferă confort și siguranță, iar buzunarul interior cu compartimente pentru carduri organizează spațiul intern. Este disponibilă în mai multe culori, de la coniac la negru. Comandă Geanta Crossbody Compactă din categoria Fashion de pe EstelaOferta, cu livrare rapidă și garanție.",Kessel,Fashion,Fashion,new,TRUE,Culoare,Coniac,,,GEANTA-CROSSBODY-COG,,shopify,24,deny,manual,329,399,TRUE,TRUE,https://picsum.photos/seed/geanta-crossbody-1/1200/1400,1,Geantă Crossbody Compactă - imagine 1,FALSE,Geantă Crossbody Compactă,"Piele integrală, format compact pentru esențiale zilnice.",active
geanta-crossbody,,,,,,,,,Negru Onyx,,,GEANTA-CROSSBODY-BLA,,shopify,24,deny,manual,329,399,TRUE,TRUE,https://picsum.photos/seed/geanta-crossbody-2/1200/1400,2,Geantă Crossbody Compactă - imagine 2,FALSE,,,
geanta-crossbody,,,,,,,,,Gri Piatră,,,GEANTA-CROSSBODY-STO,,shopify,24,deny,manual,329,399,TRUE,TRUE,https://picsum.photos/seed/geanta-crossbody-3/1200/1400,3,Geantă Crossbody Compactă - imagine 3,FALSE,,,
geanta-crossbody,,,,,,,,,,,,,,,,,,,,,,https://picsum.photos/seed/geanta-crossbody-4/1200/1400,4,Geantă Crossbody Compactă - imagine 4,,,,
sneakers-minimalist,Sneakers Casual Minimalist,"Sneakers-ii casual minimalist de la Auric sunt realizați din piele întoarsă premium, cu talpă din cauciuc reciclat care amortizează pasul pe tot parcursul zilei. Designul curat, fără elemente în plus, îi face ușor de asortat cu ținute casual sau smart-casual, iar căptușeala respirabilă menține confortul pe orele lungi. Sunt disponibili în mărimile 39-45. Sneakers Minimalist face parte din categoria Fashion de pe EstelaOferta, cu livrare rapidă.",Auric,Fashion,Fashion,"bestseller, flash-deal",TRUE,Culoare,Alb Crem,Mărime,39,SNEAKERS-MINIMALIST-WHI-39,,shopify,5,deny,manual,449,549,TRUE,TRUE,https://picsum.photos/seed/sneakers-minimalist-1/1200/1400,1,Sneakers Casual Minimalist - imagine 1,FALSE,Sneakers Casual Minimalist,Piele întoarsă și talpă din cauciuc reciclat.,active
sneakers-minimalist,,,,,,,,,Alb Crem,,40,SNEAKERS-MINIMALIST-WHI-40,,shopify,5,deny,manual,449,549,TRUE,TRUE,https://picsum.photos/seed/sneakers-minimalist-2/1200/1400,2,Sneakers Casual Minimalist - imagine 2,FALSE,,,
sneakers-minimalist,,,,,,,,,Alb Crem,,41,SNEAKERS-MINIMALIST-WHI-41,,shopify,5,deny,manual,449,549,TRUE,TRUE,https://picsum.photos/seed/sneakers-minimalist-3/1200/1400,3,Sneakers Casual Minimalist - imagine 3,FALSE,,,
sneakers-minimalist,,,,,,,,,Alb Crem,,42,SNEAKERS-MINIMALIST-WHI-42,,shopify,5,deny,manual,449,549,TRUE,TRUE,https://picsum.photos/seed/sneakers-minimalist-4/1200/1400,4,Sneakers Casual Minimalist - imagine 4,FALSE,,,
sneakers-minimalist,,,,,,,,,Alb Crem,,43,SNEAKERS-MINIMALIST-WHI-43,,shopify,5,deny,manual,449,549,TRUE,TRUE,,,,FALSE,,,
sneakers-minimalist,,,,,,,,,Alb Crem,,44,SNEAKERS-MINIMALIST-WHI-44,,shopify,5,deny,manual,449,549,TRUE,TRUE,,,,FALSE,,,
sneakers-minimalist,,,,,,,,,Alb Crem,,45,SNEAKERS-MINIMALIST-WHI-45,,shopify,5,deny,manual,449,549,TRUE,TRUE,,,,FALSE,,,
sneakers-minimalist,,,,,,,,,Negru Onyx,,39,SNEAKERS-MINIMALIST-BLA-39,,shopify,5,deny,manual,449,549,TRUE,TRUE,,,,FALSE,,,
sneakers-minimalist,,,,,,,,,Negru Onyx,,40,SNEAKERS-MINIMALIST-BLA-40,,shopify,5,deny,manual,449,549,TRUE,TRUE,,,,FALSE,,,
sneakers-minimalist,,,,,,,,,Negru Onyx,,41,SNEAKERS-MINIMALIST-BLA-41,,shopify,5,deny,manual,449,549,TRUE,TRUE,,,,FALSE,,,
sneakers-minimalist,,,,,,,,,Negru Onyx,,42,SNEAKERS-MINIMALIST-BLA-42,,shopify,5,deny,manual,449,549,TRUE,TRUE,,,,FALSE,,,
sneakers-minimalist,,,,,,,,,Negru Onyx,,43,SNEAKERS-MINIMALIST-BLA-43,,shopify,5,deny,manual,449,549,TRUE,TRUE,,,,FALSE,,,
sneakers-minimalist,,,,,,,,,Negru Onyx,,44,SNEAKERS-MINIMALIST-BLA-44,,shopify,5,deny,manual,449,549,TRUE,TRUE,,,,FALSE,,,
sneakers-minimalist,,,,,,,,,Negru Onyx,,45,SNEAKERS-MINIMALIST-BLA-45,,shopify,5,deny,manual,449,549,TRUE,TRUE,,,,FALSE,,,
sneakers-minimalist,,,,,,,,,Gri Piatră,,39,SNEAKERS-MINIMALIST-STO-39,,shopify,5,deny,manual,449,549,TRUE,TRUE,,,,FALSE,,,
sneakers-minimalist,,,,,,,,,Gri Piatră,,40,SNEAKERS-MINIMALIST-STO-40,,shopify,5,deny,manual,449,549,TRUE,TRUE,,,,FALSE,,,
sneakers-minimalist,,,,,,,,,Gri Piatră,,41,SNEAKERS-MINIMALIST-STO-41,,shopify,5,deny,manual,449,549,TRUE,TRUE,,,,FALSE,,,
sneakers-minimalist,,,,,,,,,Gri Piatră,,42,SNEAKERS-MINIMALIST-STO-42,,shopify,5,deny,manual,449,549,TRUE,TRUE,,,,FALSE,,,
sneakers-minimalist,,,,,,,,,Gri Piatră,,43,SNEAKERS-MINIMALIST-STO-43,,shopify,5,deny,manual,449,549,TRUE,TRUE,,,,FALSE,,,
sneakers-minimalist,,,,,,,,,Gri Piatră,,44,SNEAKERS-MINIMALIST-STO-44,,shopify,5,deny,manual,449,549,TRUE,TRUE,,,,FALSE,,,
sneakers-minimalist,,,,,,,,,Gri Piatră,,45,SNEAKERS-MINIMALIST-STO-45,,shopify,5,deny,manual,449,549,TRUE,TRUE,,,,FALSE,,,
palton-lana-oversized,Palton din Lână Oversized,"Paltonul din lână oversized de la Vantage este confecționat dintr-un amestec premium de lână, cu o croială largă, gândită pentru straturi confortabile în sezonul rece. Căptușeala interioară moale și buzunarele laterale ascunse completează o piesă practică, la fel de potrivită pentru oraș cât și pentru ținute mai elegante. Este disponibil în mărimi de la S la XL. Paltonul din Lână Oversized face parte din categoria Fashion de pe EstelaOferta.",Vantage,Fashion,Fashion,new,TRUE,Culoare,Negru Onyx,Mărime,S,PALTON-LANA-OVERSIZED-BLA-S,,shopify,2,deny,manual,649,799,TRUE,TRUE,https://picsum.photos/seed/palton-lana-oversized-1/1200/1400,1,Palton din Lână Oversized - imagine 1,FALSE,Palton din Lână Oversized,"Amestec de lână, croială oversized pentru sezonul rece.",active
palton-lana-oversized,,,,,,,,,Negru Onyx,,M,PALTON-LANA-OVERSIZED-BLA-M,,shopify,2,deny,manual,649,799,TRUE,TRUE,https://picsum.photos/seed/palton-lana-oversized-2/1200/1400,2,Palton din Lână Oversized - imagine 2,FALSE,,,
palton-lana-oversized,,,,,,,,,Negru Onyx,,L,PALTON-LANA-OVERSIZED-BLA-L,,shopify,2,deny,manual,649,799,TRUE,TRUE,https://picsum.photos/seed/palton-lana-oversized-3/1200/1400,3,Palton din Lână Oversized - imagine 3,FALSE,,,
palton-lana-oversized,,,,,,,,,Negru Onyx,,XL,PALTON-LANA-OVERSIZED-BLA-XL,,shopify,2,deny,manual,649,799,TRUE,TRUE,https://picsum.photos/seed/palton-lana-oversized-4/1200/1400,4,Palton din Lână Oversized - imagine 4,FALSE,,,
palton-lana-oversized,,,,,,,,,Gri Piatră,,S,PALTON-LANA-OVERSIZED-STO-S,,shopify,2,deny,manual,649,799,TRUE,TRUE,,,,FALSE,,,
palton-lana-oversized,,,,,,,,,Gri Piatră,,M,PALTON-LANA-OVERSIZED-STO-M,,shopify,2,deny,manual,649,799,TRUE,TRUE,,,,FALSE,,,
palton-lana-oversized,,,,,,,,,Gri Piatră,,L,PALTON-LANA-OVERSIZED-STO-L,,shopify,2,deny,manual,649,799,TRUE,TRUE,,,,FALSE,,,
palton-lana-oversized,,,,,,,,,Gri Piatră,,XL,PALTON-LANA-OVERSIZED-STO-XL,,shopify,2,deny,manual,649,799,TRUE,TRUE,,,,FALSE,,,
palton-lana-oversized,,,,,,,,,Bleumarin Închis,,S,PALTON-LANA-OVERSIZED-NAV-S,,shopify,2,deny,manual,649,799,TRUE,TRUE,,,,FALSE,,,
palton-lana-oversized,,,,,,,,,Bleumarin Închis,,M,PALTON-LANA-OVERSIZED-NAV-M,,shopify,2,deny,manual,649,799,TRUE,TRUE,,,,FALSE,,,
palton-lana-oversized,,,,,,,,,Bleumarin Închis,,L,PALTON-LANA-OVERSIZED-NAV-L,,shopify,2,deny,manual,649,799,TRUE,TRUE,,,,FALSE,,,
palton-lana-oversized,,,,,,,,,Bleumarin Închis,,XL,PALTON-LANA-OVERSIZED-NAV-XL,,shopify,2,deny,manual,649,799,TRUE,TRUE,,,,FALSE,,,
rucsac-laptop-impermeabil,Rucsac Laptop Impermeabil,"Rucsacul laptop impermeabil de la Norr are un compartiment căptușit pentru laptopuri de până la 16 inch, protejat de un material exterior rezistent la stropi și ploaie ușoară. Portul USB extern permite încărcarea telefonului direct din rucsac, iar spatele ergonomic ventilat reduce transpirația pe parcursul zilei. Este potrivit atât pentru navetă, cât și pentru călătorii scurte. Rucsacul Laptop Impermeabil este disponibil în categoria Fashion de pe EstelaOferta, cu livrare rapidă.",Norr,Fashion,Fashion,new,TRUE,Culoare,Negru Onyx,,,RUCSAC-LAPTOP-IMPERMEABIL-BLA,,shopify,33,deny,manual,289,349,TRUE,TRUE,https://picsum.photos/seed/rucsac-laptop-impermeabil-1/1200/1400,1,Rucsac Laptop Impermeabil - imagine 1,FALSE,Rucsac Laptop Impermeabil,"Material impermeabil, compartiment dedicat pentru laptop de 16"".",active
rucsac-laptop-impermeabil,,,,,,,,,Gri Piatră,,,RUCSAC-LAPTOP-IMPERMEABIL-STO,,shopify,33,deny,manual,289,349,TRUE,TRUE,https://picsum.photos/seed/rucsac-laptop-impermeabil-2/1200/1400,2,Rucsac Laptop Impermeabil - imagine 2,FALSE,,,
rucsac-laptop-impermeabil,,,,,,,,,,,,,,,,,,,,,,https://picsum.photos/seed/rucsac-laptop-impermeabil-3/1200/1400,3,Rucsac Laptop Impermeabil - imagine 3,,,,
rucsac-laptop-impermeabil,,,,,,,,,,,,,,,,,,,,,,https://picsum.photos/seed/rucsac-laptop-impermeabil-4/1200/1400,4,Rucsac Laptop Impermeabil - imagine 4,,,,
set-cutite-chefline-pro,Set Cuțite Bucătărie ChefLine Pro,"Setul de cuțite de bucătărie ChefLine Pro de la Norr include 6 cuțite din oțel inoxidabil de înaltă calitate, ascuțite din fabrică la un unghi de 15° pentru tăiere precisă. Mânerele ergonomice antiderapante oferă control sigur, iar suportul din lemn de fag inclus păstrează cuțitele organizate și protejate. Este un set complet pentru orice bucătărie, de la tăiat legume la dezosat carne. Setul ChefLine Pro face parte din categoria Bucătărie de pe EstelaOferta, cu livrare rapidă.",Norr,Bucătărie,Bucătărie,bestseller,TRUE,Culoare,Negru Onyx,,,SET-CUTITE-CHEFLINE-PRO-BLA,,shopify,20,deny,manual,249,349,TRUE,TRUE,https://picsum.photos/seed/set-cutite-chefline-pro-1/1200/1400,1,Set Cuțite Bucătărie ChefLine Pro - imagine 1,FALSE,Set Cuțite Bucătărie ChefLine Pro,"6 cuțite din oțel inoxidabil german, cu suport din lemn inclus.",active
set-cutite-chefline-pro,,,,,,,,,Gri Piatră,,,SET-CUTITE-CHEFLINE-PRO-STO,,shopify,20,deny,manual,249,349,TRUE,TRUE,https://picsum.photos/seed/set-cutite-chefline-pro-2/1200/1400,2,Set Cuțite Bucătărie ChefLine Pro - imagine 2,FALSE,,,
set-cutite-chefline-pro,,,,,,,,,,,,,,,,,,,,,,https://picsum.photos/seed/set-cutite-chefline-pro-3/1200/1400,3,Set Cuțite Bucătărie ChefLine Pro - imagine 3,,,,
set-cutite-chefline-pro,,,,,,,,,,,,,,,,,,,,,,https://picsum.photos/seed/set-cutite-chefline-pro-4/1200/1400,4,Set Cuțite Bucătărie ChefLine Pro - imagine 4,,,,
vas-fonta-emailata-5l,Vas Gătit din Fontă Emailată 5L,"Vasul de gătit din fontă emailată de 5L de la Kessel distribuie căldura uniform, ideal pentru tocănițe și fripturi gătite la foc mic, timp îndelungat. Este compatibil cu toate tipurile de plite, inclusiv inducție, și poate fi folosit direct în cuptor. Capacul cu etanșare păstrează umiditatea în vas, pentru preparate mai fragede. Vasul din Fontă Emailată 5L este disponibil în categoria Bucătărie de pe EstelaOferta.",Kessel,Bucătărie,Bucătărie,new,TRUE,Culoare,Smarald,,,VAS-FONTA-EMAILATA-5L-EME,4800,shopify,11,deny,manual,389,499,TRUE,TRUE,https://picsum.photos/seed/vas-fonta-emailata-5l-1/1200/1400,1,Vas Gătit din Fontă Emailată 5L - imagine 1,FALSE,Vas Gătit din Fontă Emailată 5L,"Distribuție uniformă a căldurii, potrivit pentru toate tipurile de plite.",active
vas-fonta-emailata-5l,,,,,,,,,Negru Onyx,,,VAS-FONTA-EMAILATA-5L-BLA,4800,shopify,11,deny,manual,389,499,TRUE,TRUE,https://picsum.photos/seed/vas-fonta-emailata-5l-2/1200/1400,2,Vas Gătit din Fontă Emailată 5L - imagine 2,FALSE,,,
vas-fonta-emailata-5l,,,,,,,,,,,,,,,,,,,,,,https://picsum.photos/seed/vas-fonta-emailata-5l-3/1200/1400,3,Vas Gătit din Fontă Emailată 5L - imagine 3,,,,
vas-fonta-emailata-5l,,,,,,,,,,,,,,,,,,,,,,https://picsum.photos/seed/vas-fonta-emailata-5l-4/1200/1400,4,Vas Gătit din Fontă Emailată 5L - imagine 4,,,,
set-recipiente-freshbox,Set Recipiente Depozitare Alimente FreshBox,"Setul de recipiente de depozitare FreshBox de la Loam include 10 recipiente din plastic fără BPA, cu capace ermetice care păstrează alimentele proaspete mai mult timp. Sunt sigure pentru frigider, congelator și microunde, iar designul stivuibil economisește spațiu în dulap sau cămară. Este o soluție practică pentru organizarea meselor pregătite din timp. Setul FreshBox face parte din categoria Bucătărie de pe EstelaOferta, cu livrare rapidă.",Loam,Bucătărie,Bucătărie,,TRUE,Culoare,Alb Crem,,,SET-RECIPIENTE-FRESHBOX-WHI,,shopify,27,deny,manual,129,,TRUE,TRUE,https://picsum.photos/seed/set-recipiente-freshbox-1/1200/1400,1,Set Recipiente Depozitare Alimente FreshBox - imagine 1,FALSE,Set Recipiente Depozitare Alimente FreshBox,"10 recipiente ermetice, fără BPA, stivuibile.",active
set-recipiente-freshbox,,,,,,,,,Nisipiu,,,SET-RECIPIENTE-FRESHBOX-SAN,,shopify,27,deny,manual,129,,TRUE,TRUE,https://picsum.photos/seed/set-recipiente-freshbox-2/1200/1400,2,Set Recipiente Depozitare Alimente FreshBox - imagine 2,FALSE,,,
set-recipiente-freshbox,,,,,,,,,,,,,,,,,,,,,,https://picsum.photos/seed/set-recipiente-freshbox-3/1200/1400,3,Set Recipiente Depozitare Alimente FreshBox - imagine 3,,,,
set-recipiente-freshbox,,,,,,,,,,,,,,,,,,,,,,https://picsum.photos/seed/set-recipiente-freshbox-4/1200/1400,4,Set Recipiente Depozitare Alimente FreshBox - imagine 4,,,,
balanta-digitala-preciweigh,Balanță Bucătărie Digitală PreciWeigh,"Balanța digitală de bucătărie PreciWeigh de la Auric cântărește cu precizie de 1 gram, utilă pentru rețete unde dozajul contează. Platforma din sticlă călită este ușor de curățat, iar funcția de tarare permite cântărirea ingredientelor direct în bol, fără vase suplimentare. Oprirea automată prelungește durata de viață a bateriei. Balanța PreciWeigh este disponibilă în categoria Bucătărie de pe EstelaOferta.",Auric,Bucătărie,Bucătărie,,TRUE,Culoare,Negru Onyx,,,BALANTA-DIGITALA-PRECIWEIGH-BLA,,shopify,24,deny,manual,89,,TRUE,TRUE,https://picsum.photos/seed/balanta-digitala-preciweigh-1/1200/1400,1,Balanță Bucătărie Digitală PreciWeigh - imagine 1,FALSE,Balanță Bucătărie Digitală PreciWeigh,"Precizie de 1g, platformă din sticlă călită.",active
balanta-digitala-preciweigh,,,,,,,,,Alb Crem,,,BALANTA-DIGITALA-PRECIWEIGH-WHI,,shopify,24,deny,manual,89,,TRUE,TRUE,https://picsum.photos/seed/balanta-digitala-preciweigh-2/1200/1400,2,Balanță Bucătărie Digitală PreciWeigh - imagine 2,FALSE,,,
balanta-digitala-preciweigh,,,,,,,,,,,,,,,,,,,,,,https://picsum.photos/seed/balanta-digitala-preciweigh-3/1200/1400,3,Balanță Bucătărie Digitală PreciWeigh - imagine 3,,,,
balanta-digitala-preciweigh,,,,,,,,,,,,,,,,,,,,,,https://picsum.photos/seed/balanta-digitala-preciweigh-4/1200/1400,4,Balanță Bucătărie Digitală PreciWeigh - imagine 4,,,,
set-prosoape-softtouch,Set Prosoape Bumbac Organic SoftTouch,"Setul de prosoape SoftTouch de la Loam include 6 piese (2 față, 2 mâini, 2 baie) din bumbac organic 100%, certificate OEKO-TEX. Absorbția ridicată și uscarea rapidă le fac potrivite pentru utilizare zilnică, iar textura moale se păstrează spălare după spălare. Este un set complet pentru o baie organizată, fără cumpărături separate pentru fiecare piesă. Setul SoftTouch face parte din categoria Baie de pe EstelaOferta, cu livrare rapidă.",Loam,Baie,Baie,bestseller,TRUE,Culoare,Alb Crem,,,SET-PROSOAPE-SOFTTOUCH-WHI,,shopify,20,deny,manual,159,219,TRUE,TRUE,https://picsum.photos/seed/set-prosoape-softtouch-1/1200/1400,1,Set Prosoape Bumbac Organic SoftTouch - imagine 1,FALSE,Set Prosoape Bumbac Organic SoftTouch,"6 prosoape din bumbac organic 100%, absorbție ridicată.",active
set-prosoape-softtouch,,,,,,,,,Nisipiu,,,SET-PROSOAPE-SOFTTOUCH-SAN,,shopify,20,deny,manual,159,219,TRUE,TRUE,https://picsum.photos/seed/set-prosoape-softtouch-2/1200/1400,2,Set Prosoape Bumbac Organic SoftTouch - imagine 2,FALSE,,,
set-prosoape-softtouch,,,,,,,,,Gri Piatră,,,SET-PROSOAPE-SOFTTOUCH-STO,,shopify,20,deny,manual,159,219,TRUE,TRUE,https://picsum.photos/seed/set-prosoape-softtouch-3/1200/1400,3,Set Prosoape Bumbac Organic SoftTouch - imagine 3,FALSE,,,
set-prosoape-softtouch,,,,,,,,,,,,,,,,,,,,,,https://picsum.photos/seed/set-prosoape-softtouch-4/1200/1400,4,Set Prosoape Bumbac Organic SoftTouch - imagine 4,,,,
covor-baie-plushstep,Covor Baie Antiderapant PlushStep,"Covorul de baie antiderapant PlushStep de la Norr este realizat din microfibră moale, cu talpă din cauciuc care previne alunecarea pe suprafețe umede. Se usucă rapid și poate fi spălat la mașină, ceea ce simplifică întreținerea pe termen lung. Este disponibil în mai multe culori, potrivite pentru orice stil de baie. Covorul PlushStep este disponibil în categoria Baie de pe EstelaOferta.",Norr,Baie,Baie,new,TRUE,Culoare,Bleumarin Închis,,,COVOR-BAIE-PLUSHSTEP-NAV,,shopify,22,deny,manual,99,,TRUE,TRUE,https://picsum.photos/seed/covor-baie-plushstep-1/1200/1400,1,Covor Baie Antiderapant PlushStep - imagine 1,FALSE,Covor Baie Antiderapant PlushStep,"Talpă antiderapantă, se usucă rapid.",active
covor-baie-plushstep,,,,,,,,,Nisipiu,,,COVOR-BAIE-PLUSHSTEP-SAN,,shopify,22,deny,manual,99,,TRUE,TRUE,https://picsum.photos/seed/covor-baie-plushstep-2/1200/1400,2,Covor Baie Antiderapant PlushStep - imagine 2,FALSE,,,
covor-baie-plushstep,,,,,,,,,,,,,,,,,,,,,,https://picsum.photos/seed/covor-baie-plushstep-3/1200/1400,3,Covor Baie Antiderapant PlushStep - imagine 3,,,,
covor-baie-plushstep,,,,,,,,,,,,,,,,,,,,,,https://picsum.photos/seed/covor-baie-plushstep-4/1200/1400,4,Covor Baie Antiderapant PlushStep - imagine 4,,,,
dozator-sapun-purebath,Dozator Săpun Lichid din Ceramică PureBath,"Dozatorul de săpun lichid din ceramică PureBath de la Auric are un design minimalist, potrivit pentru băi moderne sau clasice deopotrivă. Pompa din inox rezistă la coroziune, chiar și la utilizare zilnică intensă, iar capacitatea de 400ml reduce nevoia de realimentări frecvente. Este un accesoriu discret care completează orice decor de baie. Dozatorul PureBath face parte din categoria Baie de pe EstelaOferta.",Auric,Baie,Baie,,TRUE,Culoare,Alb Crem,,,DOZATOR-SAPUN-PUREBATH-WHI,,shopify,35,deny,manual,69,,TRUE,TRUE,https://picsum.photos/seed/dozator-sapun-purebath-1/1200/1400,1,Dozator Săpun Lichid din Ceramică PureBath - imagine 1,FALSE,Dozator Săpun Lichid din Ceramică PureBath,"Design minimalist din ceramică, pompă din inox.",active
dozator-sapun-purebath,,,,,,,,,Negru Onyx,,,DOZATOR-SAPUN-PUREBATH-BLA,,shopify,35,deny,manual,69,,TRUE,TRUE,https://picsum.photos/seed/dozator-sapun-purebath-2/1200/1400,2,Dozator Săpun Lichid din Ceramică PureBath - imagine 2,FALSE,,,
dozator-sapun-purebath,,,,,,,,,,,,,,,,,,,,,,https://picsum.photos/seed/dozator-sapun-purebath-3/1200/1400,3,Dozator Săpun Lichid din Ceramică PureBath - imagine 3,,,,
dozator-sapun-purebath,,,,,,,,,,,,,,,,,,,,,,https://picsum.photos/seed/dozator-sapun-purebath-4/1200/1400,4,Dozator Săpun Lichid din Ceramică PureBath - imagine 4,,,,
oglinda-led-halo,Oglindă Baie cu Iluminare LED Halo,"Oglinda de baie cu iluminare LED Halo de la Vantage are o formă rotundă și o iluminare circulară reglabilă, ideală pentru machiaj sau bărbierit cu lumină uniformă. Funcția anti-aburire menține suprafața clară chiar și după duș fierbinte, iar montajul pe perete este simplu, cu alimentare printr-un buton tactil. Este o piesă funcțională care aduce și un plus estetic băii. Oglinda LED Halo este disponibilă în categoria Baie de pe EstelaOferta, cu livrare rapidă.",Vantage,Baie,Baie,flash-deal,TRUE,Culoare,Negru Onyx,,,OGLINDA-LED-HALO-BLA,6200,shopify,18,deny,manual,449,599,TRUE,TRUE,https://picsum.photos/seed/oglinda-led-halo-1/1200/1400,1,Oglindă Baie cu Iluminare LED Halo - imagine 1,FALSE,Oglindă Baie cu Iluminare LED Halo,"Iluminare LED circulară, anti-aburire.",active
oglinda-led-halo,,,,,,,,,,,,,,,,,,,,,,https://picsum.photos/seed/oglinda-led-halo-2/1200/1400,2,Oglindă Baie cu Iluminare LED Halo - imagine 2,,,,
oglinda-led-halo,,,,,,,,,,,,,,,,,,,,,,https://picsum.photos/seed/oglinda-led-halo-3/1200/1400,3,Oglindă Baie cu Iluminare LED Halo - imagine 3,,,,
oglinda-led-halo,,,,,,,,,,,,,,,,,,,,,,https://picsum.photos/seed/oglinda-led-halo-4/1200/1400,4,Oglindă Baie cu Iluminare LED Halo - imagine 4,,,,